1,,,1,45.748319,4.82563,,,,TERMINUS_0,terminus,
2,,,1,45.76097,4.921096,,,,TERMINUS_1,terminus,
3,,,1,45.770442,4.86318,,,,TERMINUS_2,terminus,
4,,,1,45.723961,4.829221,,,,TERMINUS_3,terminus,
5,,,1,45.768541,4.835958,,,,TERMINUS_4,terminus,
6,,,1,45.785523,4.832866,,,,TERMINUS_5,terminus,
7,,,1,45.780742,4.804491,,,,TERMINUS_6,terminus,
8,,,1,45.703611,4.887999,,,,TERMINUS_7,terminus,
9,,,1,45.786881,4.881921,,,,TERMINUS_8,terminus,
10,,,1,45.740963,4.819361,,,,TERMINUS_9,terminus,
11,,,1,45.69266,4.955837,,,,TERMINUS_10,terminus,
12,,,1,45.760325,4.862019,,,,TERMINUS_11,terminus,
13,,,1,45.76759,5.032344,,,,TERMINUS_12,terminus,
14,,,1,45.688288,4.865007,,,,TERMINUS_13,terminus,
15,,,1,45.759803,4.825546,,,,TERMINUS_14,terminus,
16,,,1,45.762102,4.821421,,,,TERMINUS_15,terminus,
17,,,1,45.757003,4.816156,,,,TERMINUS_16,terminus,
18,,,1,45.732162,4.947886,,,,TERMINUS_17,terminus,
19,,,2,45.7658,4.8978,,,ligne_metro_a.png,LINE_LABEL_0,"Ligne A",
20,,,2,45.7357,4.8381,,,ligne_metro_b.png,LINE_LABEL_1,"Ligne B",
21,,,2,45.78165,4.8298,,,ligne_metro_c.png,LINE_LABEL_2,"Ligne C",
22,,,2,45.75044,4.8596,,,ligne_metro_d.png,LINE_LABEL_3,"Ligne D",
23,,,2,45.75489,4.82103,,,ligne_funiculaire_1.png,LINE_LABEL_4,"Funiculaire 1",
24,,,2,45.76489,4.82303,,,ligne_funiculaire_2.png,LINE_LABEL_5,"Funiculaire 2",
25,,,2,45.77515,4.8659,,,ligne_tram_t1.png,LINE_LABEL_6,"Tram T1",
26,,,2,45.73951,4.8707,,,ligne_tram_t2.png,LINE_LABEL_7,"Tram T2",
27,,,2,45.75375,4.8855,,,ligne_tram_t3.png,LINE_LABEL_8,"Tram T3",
28,,,2,45.71882,4.8757,,,ligne_tram_t4.png,LINE_LABEL_9,"Tram T4",
29,,,2,45.74,4.92,,,ligne_tram_t5.png,LINE_LABEL_10,"Tram T5",
30,,,8,45.785637,4.882407,"Rue de la Technologie,  ",,,10001,IUT/Feyssine,"iut feyssine"
31,,,8,45.782194,4.876876,"Avenue Albert Einstein, Au Niveau Du Virage De L'Avenue",,,10002,INSA,insa
32,,,8,45.776226,4.862644,"Rue Salvador Allende, Angle Avenue Du Lys Orangé, Au Pied De La",,,10004,"Tonkin / Allende","tonkin allende"
33,,,8,45.779696,4.859865,"Boulevard du 11 novembre 1918, Entrée Parc",,,10005,"Parc Tête d'Or / Stalingrad","parc tete d or stalingrad"
34,,,8,45.770231,4.863129,"Place Charles Hernu,  ",,,10006,Charpennes,charpennes
35,,,8,45.77422,4.867501,"Avenue Piaton, Angle Rue Condorcet",,,10007,"Condorcet / Piaton","condorcet piaton"
36,,,8,45.778662,4.879432,"Rue Roger salengro,  ",,,10008,"Salengro / Vaillant","salengro vaillant"
37,,,8,45.767651,4.832158,"Terme, Angle Rue D'Algérie",,,1001,"Terreaux / Terme","terreaux terme"
38,,,8,45.769217,4.880581,"Rue Branly,  ",,,10011,"Gratte-Ciel / Branly","gratte ciel branly"
39,,,8,45.767985,4.887216,"Rue de France, Angle Cours Emile Zola",,,10012,IUT,iut
40,,,8,45.765047,4.901129,"Rue Pierre Voyant,  ",,,10013,"Cusset / Voyant","cusset voyant"
41,,,8,45.765129,4.909815,"Rue du Sytral,  ",,,10014,"Gare Laurent Bonnevay","gare laurent bonnevay"
42,,,8,45.752104,4.91464,"10 Place de la Paix,  ",,,10016,"Place de la paix","place de la paix"
43,,,8,45.761721,4.880734,"Rue Florian, Angle Cours Tolsto´",,,10018,"Tolsto´ / Verlaine","tolsto verlaine"
44,,,8,45.767511,4.836279,"Angle Place de la comédie, Rue Joseph Serlin,  ",,,1002,"Opéra",opera
45,,,8,45.759716,4.88986,"Place GrandClément,  ",,,10021,"GrandClément",grandclement
46,,,8,45.755956,4.877343,"Place des Maisons Neuves, Côté Rue Jean Jaurès",,,10024,"Maisons Neuves","maisons neuves"
47,,,8,45.763626,4.873309,"Cours Tolstoi,  ",,,10025,Totem,totem
48,,,8,45.766878,4.879966,"Avenue Aristide Briand, En Face De L'Entrée De La Mairie",,,10027,"Mairie de Villeurbanne","mairie de villeurbanne"
49,,,8,45.767539,4.873963,"Cours de la République, Angle Anatole France",,,10028,"République / Anatole France","republique anatole france"
50,,,8,45.76927,4.830076,"4 Place Sathonay,  ",,,1003,"Place Sathonay","place sathonay"
51,,,8,45.774043,4.89382,"Rue Proudhon,  ",,,10030,Greuze,greuze
52,,,8,45.780724,4.883496,"Face 158, Avenue Roger Salengro,  ",,,10031,"Croix Luizet","croix luizet"
53,,,8,45.758181,4.898602,"Rue Antoine Primat, Angle Rue Decorps",,,10032,"Primat / Decorps","primat decorps"
54,,,8,45.761793,4.886154,"Rue du Docteur Damidot, Devant La Mjc",,,10034,MJC,mjc
55,,,8,45.762955,4.9004,"angle Rue Baratin/Rue réguillon,  ",,,10035,"Boiron Grangé","boiron grange"
56,,,8,45.774313,4.859078,"Avenue Stalingrad, Angle Rue Chaplin",,,10036,"Chaplin / Dutriévoz","chaplin dutrievoz"
57,,,8,45.779104,4.866526,"Boulevard du 11 Novembre 1918, Croisement Tram",,,10038,"Condorcet/ 11 Nov. 1918","condorcet 11 nov 1918"
58,,,8,45.779454,4.891497,"Rue du Professeur Bouvier, Angle Rue Du 8 Mai 1945",,,10039,"Bouvier / 8 mai 1945","bouvier 8 mai 1945"
59,,,8,45.752977,4.898862,"41 rouet de Genas,  ",,,10041,Kimmerling,kimmerling
60,,,8,45.783016,4.890582,"Rue 1945/05/08,  ",,,10043,"Salengro / 8 mai 1945","salengro 8 mai 1945"
61,,,8,45.770751,4.86715,"Rue des Charmettes, Angle Cours Emile Zola",,,10046,"Charmettes / Zola","charmettes zola"
62,,,8,45.771177,4.884994,"Avenue du Cdt Lherminier, Angle Rue De Pressensé",,,10047,"Pressensé / Bienvenus","pressense bienvenus"
63,,,8,45.759248,4.875885,"Place Marengo,  ",,,10048,"Place Marengo","place marengo"
64,,,8,45.769185,4.89672,"294, Rue Francis de Préssensé,  ",,,10049,"Préssensé / 8 mai 1945","pressense 8 mai 1945"
65,,,8,45.766087,4.83279,"Place Meissonier, Angle Sud-Est De La Place",,,1005,Meissonier,meissonier
66,,,8,45.779413,4.862899,"29, Boulevard du 11 Novembre 1918,  ",,,10053,"Rossellini / 11 Novembre","rossellini 11 novembre"
67,,,8,45.77671,4.85952,"Rue meliès,  ",,,10054,"Stalingrad / Meliès","stalingrad melies"
68,,,8,45.776458,4.867111,"Avenue Galline, Angle Avenue De Condorcet",,,10055,"Condorcet / Galline","condorcet galline"
69,,,8,45.779117,4.871949,"Avenue du 11 novembre 1918, Angle Avenue Gaston Berger",,,10056,"11 novembre / Gaston Berger","11 novembre gaston berger"
70,,,8,45.767131,4.892147,"Cours Emile Zola,  ",,,10058,"Métro Flachet","metro flachet"
71,,,8,45.768881,4.884238,"Anatole France, Angle Zola / France / Lherminier",,,10059,"Anatole France / Lherminier","anatole france lherminier"
72,,,8,45.7679,4.819813,"14 Quai Saint Vincent,  ",,,1006,Subsistances,subsistances
73,,,8,45.758793,4.878972,"Avenue Antoine de Saint-Exupéry fac, Entre Rue Richelieu Et Rue Florian",,,10060,"Saint Exupéry","saint exupery"
74,,,8,45.770788,4.872956,"105, Cours Emile Zola,  ",,,10061,"métro République","metro republique"
75,,,8,45.758366,4.885494,"Face au N° 9 Rue Jean Jaures,  ",,,10063,"Perrin/Jean Jaurès","perrin jean jaures"
76,,,8,45.764826,4.884315,"Rue du 4 août 1789, Angle Rue Rollet / Blanqui",,,10064,"Rollet / 4 ao¹t 1789 / Blanqui","rollet 4 ao t 1789 blanqui"
77,,,8,45.752282,4.901418,"Rue de cyprian,  ",,,10070,"Genas / Cyprian","genas cyprian"
78,,,8,45.761564,4.896451,"64 Bd Eugène Réguillon,  ",,,10071,"Lycée Marie Curie","lycee marie curie"
79,,,8,45.774138,4.864013,"Rue Jacques Brel,  ",,,10072,"Jacques Brel /Chorel","jacques brel chorel"
80,,,8,45.76154,4.872459,"Rue Docteur Dolard, Angle Rue 4 Septembre",,,10073,"Nouveau Musée D'Art Contemporain","nouveau musee d art contemporain"
81,,,8,45.770053,4.876945,"Cours E. Zola, Angle Passage Rey",,,10074,"Zola / Passage Rey","zola passage rey"
82,,,8,45.772304,4.865696,"Rue Gabriel Péri, Angle Cours André Philip",,,10075,"Charmettes / Péri / Philip","charmettes peri philip"
83,,,8,45.768135,4.879158,"Rue Anatole France, Angle Avenue Barbusse",,,10079,"Anatole France / Barbusse","anatole france barbusse"
84,,,8,45.77543,4.880286,"Rue Alexis Perroncel,  ",,,10080,Vaillant/Perroncel,"vaillant perroncel"
85,,,8,45.777803,4.883979,"Rue des bienvenus,  ",,,10083,"Château Gaillard / Filature /","chateau gaillard filature"
86,,,8,45.783638,4.871665,"Avenue des Arts,  ",,,10084,"DOUA / Avenue des Arts","doua avenue des arts"
87,,,8,45.76984,4.889523,"Rue Anatole France, Angle Rue De Pressensé / Flachet",,,10086,"Anatole France / Pressensé","anatole france pressense"
88,,,8,45.760538,4.900666,"74 Rue Pierre Baratin,  ",,,10087,"Bon Coin","bon coin"
89,,,8,45.766247,4.897868,"Cours emile zola,  ",,,10088,"4 août 1789 / Zola","4 aout 1789 zola"
90,,,8,45.773142,4.874254,"Rue colin,  ",,,10089,"Colin /Ottavi","colin ottavi"
91,,,8,45.774755,4.888035,"Rue louis fort,  ",,,10091,"Château Gaillard / Dupeuble","chateau gaillard dupeuble"
92,,,8,45.771583,4.890404,"135 Rue Château Gaillard,  ",,,10092,"Montgolfier / Château Gaillard","montgolfier chateau gaillard"
93,,,8,45.779478,4.874328,"Bd 11 nov 1918,  ",,,10101,"Einstein / 1 novembre 1918","einstein 1 novembre 1918"
94,,,8,45.780949,4.871323,"Avenue Gaston Berger,  ",,,10102,"DOUA / Gaston Berger","doua gaston berger"
95,,,8,45.78449,4.877401,"Rue des Arts,  ",,,10103,"DOUA / Rue des sports","doua rue des sports"
96,,,8,45.759617,4.882815,"Rue Hauy,  ",,,10110,"Mémoire & Société","memoire societe"
97,,,8,45.770338,4.862254,"95, Cours Vitton,  ",,,10111,"Charles Hernu / Vitton","charles hernu vitton"
98,,,8,45.75454,4.885135,"109 Route de Genas,  ",,,10112,"Place de la Reconnaissance","place de la reconnaissance"
99,,,8,45.755771,4.891486,"52, Rue du Poizat,  ",,,10113,"Gare de Villeurbanne","gare de villeurbanne"
100,,,8,45.758089,4.910619,"Avenue de Bel Air,  ",,,10114,"Bel Air / Les Brosses","bel air les brosses"
101,,,8,45.754102,4.90566,"143, Avenue Paul Kruger,  ",,,10115,"Place d'Espagne","place d espagne"
102,,,8,45.760615,4.906207,"171 Rue Léon Blum,  ",,,10116,"Blum / Faïs","blum fais"
103,,,8,45.764568,4.89233,"171 Rue Léon Blum,  ",,,10117,"La Pérralière","la perraliere"
104,,,8,45.767158,4.900596,"92 Rue Voyant,  ",,,10118,"Bourgchanin / Chambfort","bourgchanin chambfort"
105,,,8,45.776497,4.901319,"13 Rue Saint Jean,  ",,,10119,"Saint Jean","saint jean"
106,,,8,45.765816,4.836892,"Rue de la Bourse, Long Du Collège-Lycée Ampère",,,1012,"Ampère",ampere
107,,,8,45.776256,4.871626,"39 Rue Roger Salengro,  ",,,10120,"Salengro / Descartes","salengro descartes"
108,,,8,45.771929,4.879056,"34 Rue Billon,  ",,,10121,"Parc du Centre","parc du centre"
109,,,8,45.784056,4.897082,"13 Rue de Verdun,  ",,,10122,Verdun/Desgrand,"verdun desgrand"
110,,,8,45.768213,4.827589,"Rue de la Martinière, Au Niveau De La Place Saint Vincent",,,1013,"Martinière",martiniere
111,,,8,45.765941,4.831246,"6 Rue de la Platière, Angle Quai De La Pêcherie",,,1016,"Pêcherie / Platière","pecherie platiere"
112,,,8,45.766892,4.832908,"11 Rue Chenavard, Côté Place Des Terreaux",,,1020,"Terreaux / Chenavard","terreaux chenavard"
113,,,8,45.76692,4.834285,"3 Rue Herriot, Angle Rue Pizay",,,1021,"Terreaux / Herriot","terreaux herriot"
114,,,8,45.769609,4.837655,"Place Tolozan, Angle Nord-Est De La Place",,,1022,"Place Tolozan","place tolozan"
115,,,8,45.772289,4.819485,"Boulevard de la Croix Rousse,  ",,,1023,"Croix Rousse / Duplat","croix rousse duplat"
116,,,8,45.769667,4.824631,"Place Rouville,  ",,,1024,Rouville,rouville
117,,,8,45.768039,4.831724,"Place de la Paix, En Face De La Poste",,,1031,"Place de la Paix","place de la paix"
118,,,8,45.767205,4.836388,"17 Rue Pizay,  ",,,1032,Pizay,pizay
119,,,8,45.770072,4.82922,"Montée des Carmélites,  ",,,1034,"Carmélites / Burdeau","carmelites burdeau"
120,,,8,45.772206,4.837908,"3 Quai André Lassagne,  ",,,1035,"Quai Lassagne","quai lassagne"
121,,,8,45.774321,4.832606,"44 Bd de la Croix Rousse,  ",,,1036,Aveyron,aveyron
122,,,3,45.764592,4.90897,"1 Boulevard Laurent Bonnevay Interieur, Villeurbanne",,,1222,"Agence Bonnevay","agence bonnevay"
123,,,4,45.691006,4.9471,"1 Rue Du 8 Mai 1945, Saint-Priest",,,1246,"Papeterie CADIN Francis","papeterie cadin francis"
124,,,4,45.692062,4.95542,"8 Rue Henri Alain Fournier, Saint-Priest",,,1247,"Papeterie EHMADALY Fakhroudine","papeterie ehmadaly fakhroudine"
125,,,4,45.6945,4.937767,"1 Boulevard Edouard Herriot, Saint-Priest",,,1248,"Tabac EKMEKTCHIAN","tabac ekmektchian"
126,,,4,45.699432,4.942999,"18 Rue Grande, Saint-Priest",,,1249,"Tabac JACOB Michel","tabac jacob michel"
127,,,4,45.7575,4.72591,"1 Place Georges Pompidou, Saint-Genis-Les-Ollieres",,,1250,"Tabac PHILIS Jacqueline","tabac philis jacqueline"
128,,,4,45.695048,4.793506,"107 Avenue Georges Clemenceau, Saint-Genis-Laval",,,1251,"Tabac BANOS Jacques","tabac banos jacques"
129,,,4,45.82066,4.896986,"2968 Route De Strasbourg, Rillieux-La-Pape",,,1253,"Papeterie MARTIN Nicolas","papeterie martin nicolas"
130,,,4,45.813597,4.893716,"9 Avenue De L Europe, Rillieux-La-Pape",,,1254,"Multiservice P.I.M.M.S Rillieux","multiservice p i m m s rillieux"
131,,,4,45.706113,4.815378,"61 Rue Paul Vaillant Couturier, Pierre-Benite",,,1257,"Tabac GUINET Gilles","tabac guinet gilles"
132,,,4,45.711548,4.812014,"40 Rue Louis Auguste Blanqui, Oullins",,,1259,"Papeterie THOLLET G‚rard","papeterie thollet g rard"
133,,,4,45.719972,4.798692,"82 Boulevard Emile Zola, Oullins",,,1260,"Papeterie CLUZEL Ang‚lique","papeterie cluzel ang lique"
134,,,4,45.718575,4.809906,"44 Rue Grande, Oullins",,,1261,"Tabac BEQIRAJ","tabac beqiraj"
135,,,4,45.713117,4.804443,"172 Rue Grande, Oullins",,,1262,"Tabac MULLER Thierry","tabac muller thierry"
136,,,4,45.865599,4.831083,"2 Place Verdun, Albigny-Sur-Saone",,,1263,"Tabac CHOLLET Patricia","tabac chollet patricia"
137,,,4,45.876691,4.838732,"4 Quai Pasteur, Neuville-Sur-Saone",,,1264,"Papeterie PASTORE","papeterie pastore"
138,,,4,45.693848,4.855462,"3 Place Des Palabres, Saint-Fons",,,1267,"Multiservice PS St FONS Les Clochettes","multiservice ps st fons les clochettes"
139,,,4,45.731369,4.859316,"122 Rue Pierre Delore, Lyon 8eme",,,1268,"Tabac FALZONE Michel","tabac falzone michel"
140,,,4,45.744406,4.87047,"12 Place Ambroise Courtois, Lyon 8eme",,,1270,"Papeterie PETIT Serge","papeterie petit serge"
141,,,4,45.736966,4.869042,"7 Place Du 11 Novembre 1918, Lyon 8eme",,,1271,"Tabac DUMONT Gerard","tabac dumont gerard"
142,,,4,45.729774,4.853311,"159 Rue Challemel Lacour, Lyon 8eme",,,1272,"Tabac MEBARKI  Faouzi","tabac mebarki faouzi"
143,,,4,45.728961,4.88509,"34 Rue De Narvik, Lyon 8eme",,,1273,"Multiservice P.I.M.M.S MERMOZ","multiservice p i m m s mermoz"
144,,,4,45.663,4.955865,"11 Rue Du 11 Novembre 1918, Mions",,,1274,"Tabac DE OLIVEIRA Antonio","tabac de oliveira antonio"
145,,,4,45.764861,5.010368,"102 Rue De La Republique, Meyzieu",,,1275,"Tabac NASRI Ahlam","tabac nasri ahlam"
146,,,4,45.777683,4.993824,"78 Avenue De Verdun, Meyzieu",,,1276,"Tabac LE ROJA","tabac le roja"
147,,,4,45.800644,4.826039,"31 Rue Hector Berlioz, Lyon 9eme",,,1277,"Tabac FERRE Joelle","tabac ferre joelle"
148,,,4,45.767974,4.804203,"9 Rue Louis Loucheur, Lyon 9eme",,,1278,"Tabac SIMEON Roger","tabac simeon roger"
149,,,4,45.775402,4.803762,"41 Rue Marietton, Lyon 9eme",,,1279,"Tabac MADHI Hedi","tabac madhi hedi"
150,,,4,45.772647,4.805212,"5 Place Dumas De Loire, Lyon 9eme",,,1280,"Multiservice P.I.M.M.S Lyon 9eme","multiservice p i m m s lyon 9eme"
151,,,4,45.774054,4.808759,"46 Quai Jayr, Lyon 9eme",,,1281,"Tabac LARGE Christian","tabac large christian"
152,,,4,45.72863,4.866117,"141 Rue Professeur Beauvisage, Lyon 8eme",,,1282,"Tabac OLLIER Armand","tabac ollier armand"
153,,,4,45.766562,4.845254,"116 Rue Vendome, Lyon 6eme",,,1283,"Tabac RICCA Alessandro","tabac ricca alessandro"
154,,,4,45.735757,4.835963,"204 Avenue Jean Jaures, Lyon 7eme",,,1284,"Tabac DONDE Serge","tabac donde serge"
155,,,4,45.748534,4.843555,"64 Avenue Jean Jaures, Lyon 7eme",,,1285,"Tabac BOUVARD Jean Claude","tabac bouvard jean claude"
156,,,4,45.753833,4.846645,"52 Cours Gambetta, Lyon 7eme",,,1286,"Tabac CRETON Jean Jacques","tabac creton jean jacques"
157,,,4,45.749652,4.852261,"158 Rue Grande De La Guillotiere, Lyon 7eme",,,1288,"Tabac ARMENAK Nagham","tabac armenak nagham"
158,,,4,45.763829,4.856974,"181 Cours Lafayette, Lyon 6eme",,,1289,"Tabac MAZOYER Yves","tabac mazoyer yves"
159,,,4,45.763768,4.844582,"21 Cours Lafayette, Lyon 6eme",,,1290,"Tabac BIANCHERI Jean Pierre","tabac biancheri jean pierre"
160,,,4,45.769237,4.848408,"41 Cours Franklin Roosevelt, Lyon 6eme",,,1291,"Tabac RODRIGUEZ Carine","tabac rodriguez carine"
161,,,4,45.768531,4.84485,"18 Cours Franklin Roosevelt, Lyon 6eme",,,1292,"Tabac PROUTEAU Jean Pierre","tabac prouteau jean pierre"
162,,,4,45.769797,4.856682,"76 Cours Vitton, Lyon 6eme",,,1293,"Tabac SDIRI Tarek","tabac sdiri tarek"
163,,,4,45.76764,4.858716,"2 Place Jules Ferry, Lyon 6eme",,,1295,"Tabac VAAST Henri","tabac vaast henri"
164,,,4,45.771848,4.843514,"1 Place Puvis De Chavannes, Lyon 6eme",,,1296,"Tabac JARRIER Patricia","tabac jarrier patricia"
165,,,4,45.765769,4.827434,"12 Place Saint Paul, Lyon 5eme",,,1297,"Tabac PROST","tabac prost"
166,,,4,45.766772,4.827774,"4 Quai De Bondy, Lyon 5eme",,,1298,"Tabac PERRIN Jean-Luc","tabac perrin jean luc"
167,,,4,45.755529,4.808093,"26 Rue Commandant Charcot, Lyon 5eme",,,1299,"Tabac ARTIN","tabac artin"
168,,,4,45.757989,4.813571,"91 Rue De Trion, Lyon 5eme",,,1300,"Tabac SAGE Pierre","tabac sage pierre"
169,,,4,45.763525,4.796509,"157 Avenue Barthelemy Buyer, Lyon 5eme",,,1302,"Tabac MENUT Serge","tabac menut serge"
170,,,4,45.75656,4.797345,"70 Avenue Du Point Du Jour, Lyon 5eme",,,1303,"Tabac KODOWOU Catherine","tabac kodowou catherine"
171,,,4,45.775316,4.832686,"22 Place De La Croix Rousse, Lyon 4eme",,,1304,"Tabac REBIERE Alexandre","tabac rebiere alexandre"
172,,,4,45.773881,4.81182,"20 Quai Joseph Gillet, Lyon 4eme",,,1305,"Tabac MOUTON VARINARD","tabac mouton varinard"
173,,,4,45.777501,4.820297,"2 Rue Dangon, Lyon 4eme",,,1306,"Tabac FERRAND Jean","tabac ferrand jean"
174,,,4,45.758135,4.846426,"54 Rue Moncey, Lyon 3eme",,,1308,"Tabac VALCHER Thierry","tabac valcher thierry"
175,,,4,45.761094,4.849406,"87 Rue Moncey, Lyon 3eme",,,1309,"Tabac PAVARD Dominique","tabac pavard dominique"
176,,,4,45.743734,4.878531,"64 Rue Professeur Florence, Lyon 3eme",,,1310,"Tabac Tabac des Facultes","tabac tabac des facultes"
177,,,4,45.773978,4.823831,"83 Boulevard De La Croix Rousse, Lyon 4eme",,,1311,"Tabac GRAMUSSET Nicolas","tabac gramusset nicolas"
178,,,4,45.778691,4.840648,"37 Cours D Herbouville, Lyon 4eme",,,1312,"Tabac CELICE Frederique (S.N.C.)","tabac celice frederique s n c"
179,,,4,45.750652,4.864813,"15 Rue Du Dauphine, Lyon 3eme",,,1314,"Papeterie MICHEL Marie Ange","papeterie michel marie ange"
180,,,4,45.759668,4.842632,"35 Cours De La Liberte, Lyon 3eme",,,1315,"Tabac WEYMER Georges","tabac weymer georges"
181,,,4,45.749982,4.886318,"74 Cours Docteur Long, Lyon 3eme",,,1316,"Papeterie LEGRAND Annie","papeterie legrand annie"
182,,,4,45.755678,4.842664,"13 Cours Gambetta, Lyon 3eme",,,1317,"Tabac CROUX Philippe","tabac croux philippe"
183,,,4,45.763506,4.852686,"130 Cours Lafayette, Lyon 3eme",,,1318,"Papeterie JACQUEMET Dominique","papeterie jacquemet dominique"
184,,,4,45.753629,4.891122,"49 Cours Richard Vitton, Lyon 3eme",,,1319,"Tabac COTTERLI Christian","tabac cotterli christian"
185,,,4,45.75496,4.844224,"4 Place Gabriel Peri, Lyon 3eme",,,1320,"Tabac CARUSO Lionel","tabac caruso lionel"
186,,,4,45.755211,4.826912,"6 Rue Vaubecour, Lyon 2eme",,,1323,"Tabac OUNDJIAN  Hak","tabac oundjian hak"
187,,,4,45.75336,4.868914,"47 Avenue Lacassagne, Lyon 3eme",,,1324,"Papeterie ZIELENIUK Francois","papeterie zieleniuk francois"
188,,,4,45.744576,4.822082,"60 Cours Charlemagne, Lyon 2eme",,,1326,"Tabac BOURGEOIS Daniel","tabac bourgeois daniel"
189,,,4,45.750308,4.828776,"14 Place Carnot, Lyon 2eme",,,1327,"Tabac NARS Alain","tabac nars alain"
190,,,4,45.751688,4.828599,"5 Place Carnot, Lyon 2eme",,,1328,"Tabac BONNET Jean Pierre","tabac bonnet jean pierre"
191,,,4,45.758082,4.834625,"1 Place Le Viste, Lyon 2eme",,,1329,"Papeterie OTTAVIANI","papeterie ottaviani"
192,,,4,45.753051,4.830369,"37 Rue Auguste Comte, Lyon 2eme",,,1330,"Tabac FLECHET Patrick","tabac flechet patrick"
193,,,4,45.752141,4.831372,"33 Rue De La Charite, Lyon 2eme",,,1331,"Tabac FABRE Bernard","tabac fabre bernard"
194,,,4,45.766478,4.836205,"7 Rue De La Republique, Lyon 1er",,,1332,"Tabac FAVIER","tabac favier"
195,,,4,45.77084,4.833443,"21 Rue Pouteau, Lyon 1er",,,1333,"Tabac HASSABOU Mustapha","tabac hassabou mustapha"
196,,,4,45.767928,4.834083,"20 Rue Romarin, Lyon 1er",,,1334,"Tabac KARCHOUNI Youssef","tabac karchouni youssef"
197,,,4,45.767814,4.833641,"4 Place Des Terreaux, Lyon 1er",,,1335,"Tabac BASTE Claude","tabac baste claude"
198,,,4,45.726839,4.811467,"260 Chemin De Fontanieres, La Mulatiere",,,1336,"Papeterie BERNIER Pierre","papeterie bernier pierre"
199,,,4,45.743512,4.874021,"133 Avenue Des Freres Lumiere, Lyon 8eme",,,1339,"Tabac MARTINEZ  Christian","tabac martinez christian"
200,,,4,45.732128,4.883471,"129 Avenue Jean Mermoz, Lyon 8eme",,,1340,"Tabac LUNKA Patrick","tabac lunka patrick"
201,,,4,45.728498,4.876881,"124 Avenue Paul Santy, Lyon 8eme",,,1341,"Tabac N GUYEN VAN TIEN","tabac n guyen van tien"
202,,,4,45.733342,4.864083,"68 Boulevard Des Etats Unis, Lyon 8eme",,,1342,"Papeterie REYNAUD Pierre","papeterie reynaud pierre"
203,,,4,45.754807,4.842748,"7 Place Gabriel Peri, Lyon 7eme",,,1343,"Tabac SIMIONATO Rudi","tabac simionato rudi"
204,,,4,45.745863,4.841484,"14 Place Jean Mace, Lyon 7eme",,,1344,"Tabac PELERITO Fr‚d‚ric","tabac pelerito fr d ric"
205,,,4,45.748255,4.840378,"38 Rue Chevreul, Lyon 7eme",,,1345,"Multiservice O.S.E  Chevreul","multiservice o s e chevreul"
206,,,4,45.737755,4.839594,"74 Rue De Gerland, Lyon 7eme",,,1346,"Tabac VIAL Frederic","tabac vial frederic"
207,,,4,45.748434,4.848032,"17 Rue De La Madeleine, Lyon 7eme",,,1347,"Tabac MARIE","tabac marie"
208,,,4,45.773217,4.848653,"69 Rue Duquesne, Lyon 6eme",,,1348,"Tabac DIDIER Roland","tabac didier roland"
209,,,4,45.767703,4.850548,"94 Rue Garibaldi, Lyon 6eme",,,1349,"Tabac NAIRE","tabac naire"
210,,,4,45.774196,4.779954,"21 Avenue Raymond De Veyssiere, Ecully",,,1350,"Papeterie SACCHET David","papeterie sacchet david"
211,,,4,45.815677,4.717372,"2 Avenue De La Poterie, La Tour De Salvagny",,,1351,"Multiservice THIERRY Eric","multiservice thierry eric"
212,,,4,45.672986,4.821687,"1 Place De La Croix Jaune, Irigny",,,1353,"Tabac RHETY Michele","tabac rhety michele"
213,,,4,45.821852,4.862477,"50 Rue Ampere, Fontaines-Sur-Saone",,,1355,"Tabac DOMINJON Jean Michel","tabac dominjon jean michel"
214,,,4,45.666462,4.850298,"1 Rue Du 11 Novembre 1918, Feyzin",,,1356,"Papeterie DAOULET Karim","papeterie daoulet karim"
215,,,4,45.805449,4.753588,"13 Rue De La Mairie, Dardilly",,,1357,"Tabac DAILLY Huguette","tabac dailly huguette"
216,,,4,45.819938,4.760761,"6 Allee Du Camping International, Dardilly",,,1358,"Multiservice CAMPING INDIGO","multiservice camping indigo"
217,,,4,45.845263,4.831461,"6 Rue De La Republique, Couzon",,,1360,"Tabac LOPES Sylvie","tabac lopes sylvie"
218,,,4,45.671658,4.898655,"71 Rue Centrale, Corbas",,,1361,"Tabac MARTINEZ Chantal","tabac martinez chantal"
219,,,4,45.816613,4.840986,"9 Rue De Treves Paques, Collonges-Au-Mont-D'Or",,,1362,"Tabac MOULIN Sonia","tabac moulin sonia"
220,,,4,45.6643,4.895932,"73 Avenue De Corbetta, Corbas",,,1363,"Tabac MEBARKI Moktar","tabac mebarki moktar"
221,,,4,45.64983,4.795306,"19 Rue Marechal Leclerc, Charly",,,1365,"Tabac REGO Catherine","tabac rego catherine"
222,,,4,45.769195,4.946512,"110 Avenue Jean Jaures, Decines-Charpieu",,,1366,"Tabac STEVENIN Marc","tabac stevenin marc"
223,,,4,45.770748,4.959258,"232 Avenue Jean Jaures, Decines-Charpieu",,,1367,"Tabac KAYA Ramazan","tabac kaya ramazan"
224,,,4,45.772051,4.975229,"372 Avenue Jean Jaures, Decines-Charpieu",,,1368,"Tabac CHABROL Bernard","tabac chabrol bernard"
225,,,4,45.76808,4.937468,"9 Avenue Jean Jaures, Decines-Charpieu",,,1369,"Tabac DAVID Zuhair","tabac david zuhair"
226,,,4,45.736651,4.804717,"2 Place Xavier Ricard, Sainte-Foy-Les-Lyon",,,1371,"Tabac SAUVAIRE Patrick","tabac sauvaire patrick"
227,,,4,45.784494,4.735669,"10 Avenue General De Gaulle, Charbonnieres-Les-Bains",,,1373,"Tabac COLLIN philippe","tabac collin philippe"
228,,,4,45.794761,4.793071,"40 Avenue De Lanessan, Champagne-Au-Mont-D'Or",,,1374,"Tabac ODOU Philippe","tabac odou philippe"
229,,,4,45.782356,4.833488,"5 Rue De Margnolles, Caluire-Et-Cuire",,,1376,"Tabac MOUREAU Patrick","tabac moureau patrick"
230,,,4,45.792598,4.838219,"15 Rue Francois Peissel, Caluire-Et-Cuire",,,1377,"Papeterie SUREL Didier","papeterie surel didier"
231,,,4,45.790254,4.841966,"64 Rue Pasteur, Caluire-Et-Cuire",,,1378,"Tabac VERNAY Frederick","tabac vernay frederick"
232,,,4,45.78198,4.839297,"2 Rue Royet, Caluire-Et-Cuire",,,1379,"Tabac HOUIMEL Linda","tabac houimel linda"
233,,,4,45.786718,4.850109,"24 Rue Grande De Saint Clair, Caluire-Et-Cuire",,,1380,"Tabac SHENOUF Djamel","tabac shenouf djamel"
234,,,4,45.789535,4.856118,"126 Rue Grande De Saint Clair, Caluire-Et-Cuire",,,1381,"Papeterie YON Edouard","papeterie yon edouard"
235,,,4,45.743213,4.920401,"11 Rue Louis Bleriot, Bron",,,1382,"Tabac PERRON","tabac perron"
236,,,4,45.7299,4.902474,"5 Rue Paul Pic, Bron",,,1383,"Tabac DUMAS Raphael","tabac dumas raphael"
237,,,4,45.731453,4.888265,"211 Boulevard Pinel, Bron",,,1384,"Tabac BONNIVARD Herv‚","tabac bonnivard herv"
238,,,4,45.737468,4.916611,"5 Place Baptiste Curial, Bron",,,1385,"Tabac DUPERRAY Hubert","tabac duperray hubert"
239,,,4,45.74426,4.931844,"406 Route De Genas, Bron",,,1386,"Papeterie NAYASS Presse","papeterie nayass presse"
240,,,4,45.764429,4.781749,"60 Avenue Victor Hugo, Tassin-La-Demi-Lune",,,1387,"Tabac NOCODIE Didier","tabac nocodie didier"
241,,,4,45.76349,4.77321,"17 Place Des Trois Renards, Tassin-La-Demi-Lune",,,1388,"Tabac COUDRAY Jerome","tabac coudray jerome"
242,,,4,45.760158,4.75783,"6 Rue Lieutenant Audras, Tassin-La-Demi-Lune",,,1389,"Tabac GAUTIN Sophie","tabac gautin sophie"
243,,,4,45.78857,4.911867,"89 Avenue Du 8 Mai 1945, Vaulx-En-Velin",,,1390,"Tabac BUI-HUU-THO Fr‚d‚ric","tabac bui huu tho fr d ric"
244,,,4,45.760446,4.929309,"47 Avenue Roger Salengro, Vaulx-En-Velin",,,1391,"Papeterie P.I.M.M.S Vaulx-en-Velin - Salengro","papeterie p i m m s vaulx en velin salengro"
245,,,4,45.786163,4.925562,"58 Rue De La Republique, Vaulx-En-Velin",,,1392,"Tabac OUDOIRE St‚phane","tabac oudoire st phane"
246,,,4,45.707024,4.870821,"16 Avenue De La Republique, Venissieux",,,1393,"Tabac FRAY Philippe","tabac fray philippe"
247,,,4,45.696241,4.87302,"19 Avenue Jean Cagne, Venissieux",,,1394,"Tabac GROS Severine","tabac gros severine"
248,,,4,45.71745,4.888163,"21 Avenue Jules Guesde, Venissieux",,,1395,"Tabac YACOUBI Nordine","tabac yacoubi nordine"
249,,,4,45.723818,4.872521,"68 Avenue Viviani, Venissieux",,,1396,"Tabac JEANMOUGIN Mireille","tabac jeanmougin mireille"
250,,,4,45.691993,4.873966,"1 Rue Vladimir Komarov, Venissieux",,,1397,"Tabac MANSOURI  Nadia","tabac mansouri nadia"
251,,,4,45.69723,4.888121,"89 Boulevard Ambroise Croizat, Venissieux",,,1398,"Tabac CHEERIA Choukri","tabac cheeria choukri"
252,,,4,45.692489,4.865297,"53 Boulevard Lenine, Venissieux",,,1399,"Tabac ZOUAK Ahmed","tabac zouak ahmed"
253,,,4,45.699299,4.859948,"3 Boulevard Lenine, Venissieux",,,1400,"Tabac YELLOULE Rabia","tabac yelloule rabia"
254,,,4,45.706931,4.882523,"24 Rue Eugene Marechal, Venissieux",,,1401,"Tabac LA PIPE A EAU","tabac la pipe a eau"
255,,,4,45.699768,4.882368,"1 Rue Gaspard Picard, Venissieux",,,1402,"Tabac BEN MABROUK Nordine","tabac ben mabrouk nordine"
256,,,4,45.647331,4.812234,"39 Place Du 11 Novembre 1918 Et Du 8 Mai 1945, Vernaison",,,1403,"Papeterie ROBIN Patrick","papeterie robin patrick"
257,,,4,45.756514,4.910483,"2 Allee Des Cedres, Villeurbanne",,,1404,"Tabac HENG","tabac heng"
258,,,4,45.770742,4.885688,"1 Avenue Du Commandant Lherminier, Villeurbanne",,,1405,"Tabac REJEB Belgacem","tabac rejeb belgacem"
259,,,4,45.767244,4.879296,"40 Avenue Henri Barbusse, Villeurbanne",,,1407,"Tabac GHERARDI Ludovic","tabac gherardi ludovic"
260,,,4,45.77815,4.878692,"105 Avenue Roger Salengro, Villeurbanne",,,1408,"Tabac ANPILO","tabac anpilo"
261,,,4,45.776985,4.874896,"61 Avenue Roger Salengro, Villeurbanne",,,1409,"Papeterie PERNA Thierry","papeterie perna thierry"
262,,,4,45.775975,4.862712,"2 Avenue Salvador Allende, Villeurbanne",,,1410,"Tabac CONEJO Patrick","tabac conejo patrick"
263,,,4,45.77913,4.874622,"128 Boulevard Du 11 Novembre 1918, Villeurbanne",,,1411,"Multiservice O.S.E  La Doua","multiservice o s e la doua"
264,,,4,45.770809,4.868003,"58 Cours Emile Zola, Villeurbanne",,,1412,"Papeterie N'GUYEN Manh Hien","papeterie n guyen manh hien"
265,,,4,45.770791,4.873444,"109 Cours Emile Zola, Villeurbanne",,,1413,"Tabac BERGER","tabac berger"
266,,,4,45.763622,4.870106,"2 Cours Tolstoi, Villeurbanne",,,1414,"Tabac CASSARA Antoine","tabac cassara antoine"
267,,,4,45.755995,4.876522,"5 Place Des Maisons Neuves, Villeurbanne",,,1415,"Papeterie TRIBOU","papeterie tribou"
268,,,4,45.768712,4.882996,"136 Rue Anatole France, Villeurbanne",,,1416,"Tabac BOUDAOUD 2","tabac boudaoud 2"
269,,,4,45.779968,4.891836,"37 Rue Du 8 Mai 1945, Villeurbanne",,,1417,"Multiservice P.I.M.M.S Villeurbanne","multiservice p i m m s villeurbanne"
270,,,4,45.765079,4.884993,"150 Rue Du 4 Aout 1789, Villeurbanne",,,1418,"Tabac CALASIN Sara","tabac calasin sara"
271,,,4,45.76036,4.900095,"103 Rue Leon Blum, Villeurbanne",,,1419,"Tabac MEBARKI Hakim","tabac mebarki hakim"
272,,,4,45.75937,4.891187,"4 Rue Leon Blum, Villeurbanne",,,1420,"Tabac BOUDAOUD Abdehakim","tabac boudaoud abdehakim"
273,,,4,45.765025,4.901323,"13 Rue Pierre Baratin, Villeurbanne",,,1421,"Tabac DAWID Edward","tabac dawid edward"
274,,,4,45.823611,4.874109,"11 Boulevard Castellane, Sathonay-Camp",,,1422,"Papeterie REYDELET Philippe","papeterie reydelet philippe"
275,,,4,45.742785,4.919963,"75 Avenue Pierre Brossolette, Bron",,,1423,"Multiservice P.I.M.M.S Bron","multiservice p i m m s bron"
276,,,4,45.814177,4.81714,"5 Place General De Gaulle, Saint-Cyr-Au-Mont-D'Or",,,1424,"Tabac SOLITO Francois","tabac solito francois"
277,,,4,45.721939,4.89092,"32 Rue Anatole France, Venissieux",,,1427,"Tabac MUOR Nathan","tabac muor nathan"
278,,,4,45.768043,4.889656,"42 Rue Flachet, Villeurbanne",,,1428,"Papeterie LE CRAS Thierry","papeterie le cras thierry"
279,,,4,45.773316,4.893627,"12 Rue Greuze, Villeurbanne",,,1429,"Tabac ALGORE Christophe","tabac algore christophe"
280,,,4,45.691003,4.935896,"14 Rue Aristide Briand, Saint-Priest",,,1430,"Tabac RUL Martine","tabac rul martine"
281,,,4,45.639333,4.841755,"1 Route Du Pilon, Solaize",,,1431,"Tabac SANCHEZ Jean","tabac sanchez jean"
282,,,4,45.763782,4.836999,"55 Rue De La Bourse, Lyon 2eme",,,1432,"Tabac BURNIER","tabac burnier"
283,,,4,45.732354,4.863898,"14 Rue Des Serpollieres, Lyon 8eme",,,1433,"Multiservice P.I.M.M.S du 8Šme","multiservice p i m m s du 8sme"
284,,,4,45.765254,4.791066,"19 Rue Professeur Patel, Lyon 9eme",,,1434,"Tabac TROSSET RAGOT","tabac trosset ragot"
285,,,4,45.582632,4.772691,"1 Rue Roger Salengro, Givors",,,1436,"Tabac GOUJET","tabac goujet"
286,,,4,45.590136,4.761905,"3 Rue Edouard Idoux, Givors",,,1437,"Tabac BAUD Dominique","tabac baud dominique"
287,,,4,45.732825,4.99775,"5 Rue De La Republique, Genas",,,1438,"Tabac JOURDES Christian","tabac jourdes christian"
288,,,4,45.609383,4.792177,"20 Place Jean Jaures, Grigny",,,1439,"Tabac AVANTURIER","tabac avanturier"
289,,,4,45.74938,4.827383,"1 Cours De Verdun Perrache, Lyon 2eme",,,1440,"Papeterie LEROY Nicole","papeterie leroy nicole"
290,,,4,45.60472,4.76308,"1 Allee Jacques Duclos, Givors",,,1443,"Boulangerie GAREL","boulangerie garel"
291,,,4,45.780007,4.804093,"1 Place De Paris, Lyon 9eme",,,1444,"Papeterie LACOUR Lionel","papeterie lacour lionel"
292,,,4,45.793942,4.850944,"1 Allee Du 11 Novembre 1918, Caluire-Et-Cuire",,,1445,"Tabac ESCANEZ Christian","tabac escanez christian"
293,,,4,45.738,4.656456,"7 Rue De Lyon, Vaugneray",,,1446,"Papeterie BOST Ghislaine","papeterie bost ghislaine"
294,,,4,45.789942,4.776033,"1 Chemin Du Perollier, Ecully",,,1449,"Tabac MATAR Mohamed","tabac matar mohamed"
295,,,4,45.747242,4.721397,"115 Avenue Pierre Dumond, Craponne",,,1450,"Tabac BRANT (Aux dames de trefle)","tabac brant aux dames de trefle"
296,,,4,45.748175,4.690032,"19 Place Des Anciens Combattants, Grezieu La Varenne",,,1451,"Tabac MARJOLET Olivier","tabac marjolet olivier"
297,,,4,45.761439,4.855803,"Niveau 1 Centre Commercial",,,1452,"Tabac VINCENT","tabac vincent"
298,,,4,45.761701,4.856866,"Niveau 0 Centre Commercial",,,1453,"Tabac HALIMI Simon","tabac halimi simon"
299,,,3,45.582741,4.772876,"2 Rue Roger Salengro, Givors",,,1457,"Agence Givors","agence givors"
300,,,4,45.732571,4.91125,"176 Avenue Franklin Roosevelt, Bron",,,1466,"Tabac PAPAIS Sandrine","tabac papais sandrine"
301,,,4,45.742257,4.850556,"44 Route De Vienne, Lyon 7eme",,,1467,"Tabac KHIREDDINE Catherine","tabac khireddine catherine"
302,,,4,45.720683,4.694798,"14 Place De La Paix, Brindas",,,1468,"Tabac CHOLLIER Gerard","tabac chollier gerard"
303,,,4,45.701197,4.92668,"11 Rue Du 11 Novembre 1918, Saint-Priest",,,1469,"Tabac ZARA","tabac zara"
304,,,4,45.751868,4.846748,"90 Rue Grande De La Guillotiere, Lyon 7eme",,,1470,"Tabac PERRIOD Annie","tabac perriod annie"
305,,,4,45.77319,4.831821,"24 Rue Des Pierres Plantees, Lyon 1er",,,1486,"Tabac BETTAZ Mourad","tabac bettaz mourad"
306,,,4,45.70921,4.85507,"90 Avenue Jean Jaures, Saint-Fons",,,1491,"MARTIN Daniel","martin daniel"
307,,,4,45.708651,4.879834,"35 Rue Seignemartin, Lyon 8eme",,,1492,"VIULLE Sonia","viulle sonia"
308,,,4,45.753941,4.782452,"27 Avenue General Eisenhower, Lyon 5eme",,,1496,"Tabac FAURA Fabrice","tabac faura fabrice"
309,,,4,45.78249,4.707348,"816 Avenue Jean Colomb, Marcy L'Etoile",,,1497,"PHILIPONA Eric","philipona eric"
310,,,4,45.688339,4.954908,"33 Rue Claude Farrere, Saint-Priest",,,1498,"HANNA Christophe","hanna christophe"
311,,,4,45.744363,4.784058,"127 Rue Commandant Charcot, Sainte-Foy-Les-Lyon",,,1499,"SAURON Jerome","sauron jerome"
312,,,4,45.834444,4.912431,"4960 Route De Strasbourg, Rillieux-La-Pape",,,1500,"PEREIRA Jose","pereira jose"
313,,,4,45.763634,4.962036,"180 Rue Emile Zola, Decines-Charpieu",,,1501,"ZOLA DECINES PRESSE","zola decines presse"
314,,,4,45.747258,4.73554,"29 Avenue Edouard Millaud, Craponne",,,1503,"GALLION COLOMBIER","gallion colombier"
315,,,4,45.705953,4.821848,"31 Rue Roger Salengro, Pierre-Benite",,,1506,"Tabac SALVADOR Erick","tabac salvador erick"
316,,,4,45.785462,4.911281,"1 Place Guy Moquet, Vaulx-En-Velin",,,1507,"Tabac KEROUANI Mohamed","tabac kerouani mohamed"
317,,,4,45.767533,4.988399,"1 Chemin De Peyssillieu, Meyzieu",,,1511,"E. LECLERC","e leclerc"
318,,,4,45.730228,4.829332,"12 Place Des Pavillons, Lyon 7eme",,,1512,"DRUETTA Claire","druetta claire"
319,,,4,45.805912,4.885749,"35 Route De Geneve, Rillieux-La-Pape",,,1516,DANDEL,dandel
320,,,5,45.691503,4.939819,"8 Rue Colette, Saint-Priest",,,1521,"Credit Mutuel","credit mutuel"
321,,,5,45.665397,4.958046,"1 Rue Du 19 Mars 1962, Mions",,,1522,"Credit Mutuel","credit mutuel"
322,,,5,45.816135,4.719463,"9 Avenue Des Monts D Or, La Tour De Salvagny",,,1523,"Credit Mutuel","credit mutuel"
323,,,5,45.733841,4.908257,"140 Avenue Franklin Roosevelt, Bron",,,1524,"Credit Mutuel","credit mutuel"
324,,,5,45.875515,4.839071,"12 Quai Pasteur, Neuville-Sur-Saone",,,1525,"Credit Mutuel","credit mutuel"
325,,,5,45.883596,4.803194,"1 Place Du 11 Novembre 1918, St Germain Au Mont D'Or",,,1526,"SPAR ST GERMAIN AU MONT D OR","spar st germain au mont d or"
326,,,5,45.757748,4.834371,"15 Place Bellecour, Lyon 2eme",,,1527,"Credit Mutuel","credit mutuel"
327,,,5,45.764422,4.828696,"1 Place Du Change, Lyon 5eme",,,1528,"Credit Mutuel","credit mutuel"
328,,,5,45.747027,4.843303,"79 Avenue Jean Jaures, Lyon 7eme",,,1529,"Credit Mutuel","credit mutuel"
329,,,5,45.58243,4.774329,"1 Place Henri Barbusse, Givors",,,1530,"Credit Mutuel","credit mutuel"
330,,,5,45.709372,4.855608,"85 Avenue Jean Jaures, Saint-Fons",,,1531,"Credit Mutuel","credit mutuel"
331,,,5,45.698511,4.883531,"12 Rue Gambetta, Venissieux",,,1532,"Credit Mutuel","credit mutuel"
332,,,5,45.703584,4.823293,"18 Place Jean Jaures, Pierre-Benite",,,1533,"Credit Mutuel","credit mutuel"
333,,,5,45.772165,4.80566,"22 Rue Sergent Michel Berthet, Lyon 9eme",,,1534,"Credit Mutuel","credit mutuel"
334,,,5,45.773212,4.805802,"44 Rue Sergent Michel Berthet, Lyon 9eme",,,1535,"Credit Mutuel","credit mutuel"
335,,,5,45.780731,4.805948,"2 Rue Du 24 Mars 1852, Lyon 9eme",,,1536,"Credit Mutuel","credit mutuel"
336,,,5,45.764067,4.779505,"52 Avenue De La Republique, Tassin-La-Demi-Lune",,,1537,"Credit Mutuel","credit mutuel"
337,,,5,45.766932,4.879608,"1 Avenue Aristide Briand, Villeurbanne",,,1538,"Credit Mutuel","credit mutuel"
338,,,5,45.710098,4.821658,"121 Rue Grande, Oullins",,,1539,"Credit Mutuel","credit mutuel"
339,,,5,45.781237,4.833489,"1 Place Joannes Ambre, Lyon 4eme",,,1540,"Credit Mutuel","credit mutuel"
340,,,5,45.758317,4.83479,"12 Rue De La Republique, Lyon 2eme",,,1541,"Credit Mutuel","credit mutuel"
341,,,5,45.769632,4.854151,"36 Cours Vitton, Lyon 6eme",,,1542,"Credit Mutuel","credit mutuel"
342,,,5,45.758887,4.887736,"33 Place Jules Grandclement, Villeurbanne",,,1543,"Credit Mutuel","credit mutuel"
343,,,5,45.736644,4.806711,"10 Place Xavier Ricard, Sainte-Foy-Les-Lyon",,,1544,"Credit Mutuel","credit mutuel"
344,,,5,45.763716,4.855807,"154 Cours Lafayette, Lyon 3eme",,,1545,"Credit Mutuel","credit mutuel"
345,,,5,45.799207,4.8468,"5 Montee Castellane, Caluire-Et-Cuire",,,1546,"Credit Mutuel","credit mutuel"
346,,,5,45.760429,4.84601,"91 Avenue Marechal De Saxe, Lyon 3eme",,,1547,"Credit Mutuel","credit mutuel"
347,,,5,45.7474,4.721483,"117 Avenue Pierre Dumond, Craponne",,,1548,"Credit Mutuel","credit mutuel"
348,,,5,45.766785,5.003377,"66 Rue De La Republique, Meyzieu",,,1549,"Credit Mutuel","credit mutuel"
349,,,5,45.756716,4.796862,"4 Rue Des Aqueducs, Lyon 5eme",,,1550,"Credit Mutuel","credit mutuel"
350,,,5,45.744876,4.872123,"4 Place Ambroise Courtois, Lyon 8eme",,,1551,"Credit Mutuel","credit mutuel"
351,,,5,45.772639,4.844896,"18 Rue Duquesne, Lyon 6eme",,,1552,"Credit Mutuel","credit mutuel"
352,,,5,45.77052,4.862884,"3 Cours Emile Zola, Villeurbanne",,,1553,"Credit Mutuel","credit mutuel"
353,,,5,45.750041,4.886326,"70 Cours Docteur Long, Lyon 3eme",,,1554,"Credit Mutuel","credit mutuel"
354,,,5,45.773812,4.77743,"4 Rue Benoit Tabard, Ecully",,,1555,"Credit Mutuel","credit mutuel"
355,,,5,45.729938,4.854029,"238 Route De Vienne, Lyon 8eme",,,1556,"Credit Mutuel","credit mutuel"
356,,,5,45.763683,4.875156,"52 Cours Tolstoi, Villeurbanne",,,1557,"Credit Mutuel","credit mutuel"
357,,,5,45.76933,4.947019,"112 Avenue Jean Jaures, Decines-Charpieu",,,1558,"Credit Mutuel","credit mutuel"
358,,,5,45.767775,4.842108,"18 Place Marechal Lyautey, Lyon 6eme",,,1559,"Credit Mutuel","credit mutuel"
359,,,5,45.754054,4.847189,"9 Place Aristide Briand, Lyon 3eme",,,1560,"Credit Mutuel","credit mutuel"
360,,,5,45.754301,4.867409,"34 Avenue Lacassagne, Lyon 3eme",,,1561,"Credit Mutuel","credit mutuel"
361,,,5,45.782558,4.736425,"1 Square De Verdun, Charbonnieres-Les-Bains",,,1562,"Credit Mutuel","credit mutuel"
362,,,5,45.739101,4.772347,"34 Rue Grande, Francheville",,,1563,"Credit Mutuel","credit mutuel"
363,,,5,45.795315,4.792733,"46 Avenue De Lanessan, Champagne-Au-Mont-D'Or",,,1564,"Credit Mutuel","credit mutuel"
364,,,5,45.778338,4.879177,"111 Avenue Roger Salengro, Villeurbanne",,,1565,"Credit Mutuel","credit mutuel"
365,,,5,45.731539,4.829659,"58 Avenue Debourg, Lyon 7eme",,,1566,"Credit Mutuel","credit mutuel"
366,,,5,45.73255,4.865682,"77 Boulevard Des Etats Unis, Lyon 8eme",,,1567,"Credit Mutuel","credit mutuel"
367,,,5,45.697194,4.794678,"144 Avenue Georges Clemenceau, Saint-Genis-Laval",,,1568,"Credit Mutuel","credit mutuel"
368,,,5,45.820668,4.896973,"3006 Route De Strasbourg, Rillieux-La-Pape",,,1569,"Credit Mutuel","credit mutuel"
369,,,5,45.746831,4.824773,"5 Cours Charlemagne, Lyon 2eme",,,1570,"Credit Mutuel","credit mutuel"
370,,,5,45.737693,4.969214,"5 Avenue Du Progres, Chassieu",,,1571,"Credit Mutuel","credit mutuel"
371,,,5,45.737863,4.837837,"179 Avenue Jean Jaures, Lyon 7eme",,,1572,"Credit Mutuel","credit mutuel"
372,,,5,45.770646,4.864428,"18 Cours Emile Zola, Villeurbanne",,,1573,"Credit Mutuel","credit mutuel"
373,,,5,45.771729,4.850172,"31 Rue Garibaldi, Lyon 6eme",,,1574,"Credit Mutuel","credit mutuel"
374,,,5,45.753589,4.847147,"6 Avenue Jean Jaures, Lyon 7eme",,,1575,CIC,cic
375,,,5,45.770614,4.874355,"52 Cours Emile Zola, Villeurbanne",,,1576,CIC,cic
376,,,5,45.765981,4.836313,"8 Rue De La Republique, Lyon 1er",,,1577,CIC,cic
377,,,5,45.75694,4.83144,"26 Place Bellecour, Lyon 2eme",,,1578,CIC,cic
378,,,5,45.79445,4.792547,"1 Rue Louis Juttet, Champagne-Au-Mont-D'Or",,,1579,CIC,cic
379,,,5,45.763809,4.87444,"1 Place Albert Thomas, Villeurbanne",,,1580,CIC,cic
380,,,5,45.769114,4.846193,"21 Cours Franklin Roosevelt, Lyon 6eme",,,1581,CIC,cic
381,,,5,45.755853,4.84325,"80 Cours De La Liberte, Lyon 3eme",,,1582,CIC,cic
382,,,5,45.745481,4.842055,"1 Place Jean Mace, Lyon 7eme",,,1583,CIC,cic
383,,,5,45.820754,4.897079,"60 Place De Verdun, Rillieux-La-Pape",,,1584,CIC,cic
384,,,5,45.700328,4.885771,"12 Rue Paul Bert, Venissieux",,,1585,CIC,cic
385,,,5,45.717072,4.809912,"71 Rue Grande, Oullins",,,1586,CIC,cic
386,,,5,45.770594,4.957541,"218 Avenue Jean Jaures, Decines-Charpieu",,,1587,CIC,cic
387,,,5,45.775278,4.832198,"2 Place De La Croix Rousse, Lyon 4eme",,,1588,CIC,cic
388,,,5,45.744862,4.822932,"56 Cours Charlemagne, Lyon 2eme",,,1589,CIC,cic
389,,,5,45.67253,4.898952,"68 Rue Centrale, Corbas",,,1590,CIC,cic
390,,,5,45.768072,4.879086,"100 Rue Anatole France, Villeurbanne",,,1591,CIC,cic
391,,,5,45.766743,4.857283,"27 Boulevard Des Brotteaux, Lyon 6eme",,,1592,CIC,cic
392,,,5,45.763127,4.845448,"28 Cours Lafayette, Lyon 3eme",,,1593,CIC,cic
393,,,5,45.798929,4.846542,"52 Rue Jean Moulin, Caluire-Et-Cuire",,,1594,CIC,cic
394,,,5,45.757143,4.863014,"206 Rue Paul Bert, Lyon 3eme",,,1595,CIC,cic
395,,,5,45.855329,4.701424,"1 Place Des Arcades, Civrieux D'Azergues",,,1596,CIC,cic
396,,,5,45.746361,4.723941,"46 Place Andree Marie Perrin, Craponne",,,1597,CIC,cic
397,,,5,45.77492,4.806705,"2 Rue Grande De Vaise, Lyon 9eme",,,1598,CIC,cic
398,,,5,45.761509,4.778922,"129 Avenue Charles De Gaulle, Tassin-La-Demi-Lune",,,1599,CIC,cic
399,,,5,45.749832,4.885623,"61 Cours Docteur Long, Lyon 3eme",,,1600,CIC,cic
400,,,5,45.744257,4.870257,"102 Avenue Des Freres Lumiere, Lyon 8eme",,,1601,CIC,cic
401,,,5,45.735362,4.870789,"1 Avenue Paul Santy, Lyon 8eme",,,1602,CIC,cic
402,,,5,45.724737,4.973588,"38 Avenue Des Freres Montgolfier, Chassieu",,,1603,CIC,cic
403,,,5,45.732249,4.913297,"185 Avenue Franklin Roosevelt, Bron",,,1604,CIC,cic
404,,,5,45.689878,4.937107,"3 Avenue De La Gare, Saint-Priest",,,1605,CIC,cic
405,,,5,45.877142,4.840906,"23 Rue Victor Hugo, Neuville-Sur-Saone",,,1606,CIC,cic
406,,,5,45.582349,4.775027,"6 Place Jean Jaures, Givors",,,1607,CIC,cic
407,,,5,45.757224,4.791895,"4 Rue Joliot Curie, Lyon 5eme",,,1608,CIC,cic
408,,,5,45.730605,4.830197,"32 Rue Jacques Monod, Lyon 7eme",,,1609,CIC,cic
409,,,5,45.774722,4.778521,"8 Place Charles De Gaulle, Ecully",,,1610,CIC,cic
410,,,5,45.765104,5.010145,"100 Rue De La Republique, Meyzieu",,,1611,CIC,cic
411,,,5,45.785666,4.928869,"94 Rue De La Republique, Vaulx-En-Velin",,,1612,CIC,cic
412,,,5,45.814665,4.895335,"28 Avenue De L Europe, Rillieux-La-Pape",,,1613,CIC,cic
413,,,5,45.75859,4.83495,"75 Rue De La Republique, Lyon 2eme",,,1614,CIC,cic
414,,,5,45.748839,4.84815,"13 Rue De La Madeleine, Lyon 7eme",,,1615,CIC,cic
415,,,5,45.7615,4.827548,"66 Rue Saint Jean, Lyon 5eme",,,1616,CIC,cic
416,,,5,45.679269,4.792903,"1 Rue Les Basses Barolle",,,1617,CIC,cic
417,,,5,45.722998,4.915379,"5 Avenue Pierre Mendes France, Bron",,,1618,CIC,cic
418,,,5,45.692736,5.029895,"1 Montee Du Chateau, Saint Laurent De Mure",,,1619,"Credit Mutuel","credit mutuel"
419,,,5,45.673092,4.753997,"1 Rue Adamoli, Lyon 1er",,,1620,"Credit Mutuel","credit mutuel"
420,,,5,45.671761,4.75379,"169 Rue Du G‚N‚Ral De Gaulle, Brignais",,,1621,CIC,cic
421,,,4,45.737817,4.771131,"33 Rue Grande, Francheville",,,1626,DESSALLES,dessalles
422,,,4,45.774458,4.867993,"16 Place Charles Hernu, Villeurbanne",,,1627,"JAMAI Nourredine","jamai nourredine"
423,,,4,45.741434,4.962104,"14 Chemin De La Grange, Chassieu",,,1628,"CHARLES Michel","charles michel"
424,,,4,45.834592,4.847495,"6 Rue Pierre Carbon, Fontaines-Sur-Saone",,,1629,"LACOUR B‚n‚dicte","lacour b n dicte"
425,,,4,45.799394,4.847222,"70 Rue Jean Moulin, Caluire-Et-Cuire",,,1630,"BAEZA Sandrine","baeza sandrine"
426,,,5,45.774566,4.828558,"143 Boulevard De La Croix Rousse, Lyon 4eme",,,1726,"Credit Mutuel","credit mutuel"
427,,,4,45.819402,4.66267,"3 Rue De La Mairie, Lentilly",,,1732,"ROSSIGNOL Lionel","rossignol lionel"
428,,,4,45.829018,4.976297,"37 Route De Geneve",,,1733,"DELORME Severine","delorme severine"
429,,,4,45.712047,4.745654,"26 Rue Rene Chapard, Chaponost",,,1734,"VM Concept","vm concept"
430,,,4,45.785328,4.795411,"17 Place Abbe Pierre, Lyon 9eme",,,1736,"AMMAR Nabil","ammar nabil"
431,,,4,45.769635,4.825067,"2 Place Rouville, Lyon 1er",,,1737,"KRIFA Imad","krifa imad"
432,,,4,45.769497,4.851182,"13 Cours Vitton, Lyon 6eme",,,1738,"GHEDIRA Aline","ghedira aline"
433,,,4,45.785955,4.833324,"1 Place Jules Ferry, Caluire-Et-Cuire",,,1739,"CHERUBIN Severine","cherubin severine"
434,,,4,45.687036,4.786133,"88 Avenue Marechal Foch, Saint-Genis-Laval",,,1740,"Camping des Barolles","camping des barolles"
435,,,4,45.75943,4.827534,"1 Quai Fulchiron, Lyon 5eme",,,1741,DJERANIAN,djeranian
436,,,4,45.76884,4.830053,"6 Place Sathonay, Lyon 1er",,,1742,BLACHAS,blachas
437,,,4,45.793986,4.850077,"1 Place Louis Braille, Caluire-Et-Cuire",,,1747,"Tabac JANAMI Fakher","tabac janami fakher"
438,,,4,45.805441,4.753529,"13 Rue De La Mairie, Dardilly",,,1748,"Tabac FOURNEL Brigitte","tabac fournel brigitte"
439,,,4,45.897907,4.841166,"1 Place De Verdun, Genay",,,1749,"Tabac GAUDRY Christophe","tabac gaudry christophe"
440,,,4,45.591842,4.770284,"33 Rue Jean Ligonnet, Givors",,,1750,"Tabac TANGHE Pascale","tabac tanghe pascale"
441,,,4,45.630126,5.063985,"49 Avenue General Leclerc, Heyrieux",,,1751,"Presse PUGET Marc","presse puget marc"
442,,,4,45.75513,4.826965,"6 Rue Vaubecour, Lyon 2eme",,,1752,"Tabac MURGUE Andrée","tabac murgue andree"
443,,,4,45.744603,4.822338,"60 Cours Charlemagne, Lyon 2eme",,,1753,"Tabac LAURENT Frederic","tabac laurent frederic"
444,,,4,45.73691,4.868879,"7 Place Du 11 Novembre 1918, Lyon 8eme",,,1754,"Tabac DAWID Robert","tabac dawid robert"
445,,,4,45.765077,4.791238,"19 Rue Professeur Patel, Lyon 9eme",,,1755,"Tabac YOUHANNA Zaia","tabac youhanna zaia"
446,,,4,45.786011,4.795294,"17 Place Abbe Pierre, Lyon 9eme",,,1756,"Tabac MANSOURI Youssef","tabac mansouri youssef"
447,,,4,45.69782,4.673991,"8 Place Du 8 Mai 1945, Messimy",,,1757,"Tabac MARTINIERE JF","tabac martiniere jf"
448,,,4,45.765015,5.010487,"102 Rue De La Republique, Meyzieu",,,1758,"Tabac AILYA Rafil","tabac ailya rafil"
449,,,4,45.719592,4.804629,"14 Boulevard Emile Zola, Oullins",,,1759,"Tabac UBEDA JC","tabac ubeda jc"
450,,,4,45.810994,4.798319,"47 Avenue De La Republique, St Didier Au Mt D'Or",,,1760,"Tabac ISSARNY Christophe","tabac issarny christophe"
451,,,4,45.692621,4.80437,"2 Place Des Collonges, Saint-Genis-Laval",,,1761,"Tabac HUYNH van","tabac huynh van"
452,,,4,45.682043,4.640476,"9 Place Dugas, Thurins",,,1762,"Multiservices VIVAL","multiservices vival"
453,,,4,45.647538,4.812451,"39 Place Du 11 Novembre 1918 Et Du 8 Mai 1945, Vernaison",,,1763,"Papaterie PETRUCCI Michel","papaterie petrucci michel"
454,,,4,45.764479,4.890865,"150 Rue Du 4 Aout 1789, Villeurbanne",,,1764,"Tabac EMADAKOUP","tabac emadakoup"
455,,,4,45.767928,4.889684,"42 Rue Flachet, Villeurbanne",,,1765,"Tabac MIOTTO Eric","tabac miotto eric"
456,,,8,45.757967,4.834633,"Place Le Viste, Angle Rue Des Maronniers",,,2001,"Bellecour / République","bellecour republique"
457,,,8,45.758267,4.830436,"Place Bellecour, Côté Rue Lintier",,,2002,Bellecour,bellecour
458,,,8,45.753048,4.828264,"Rue Bourgelat, Angle Rue Henry 4",,,2003,"Place Ampère","place ampere"
459,,,8,45.750223,4.826882,"Place Carnot, Côté Ouest",,,2004,"Perrache / Carnot","perrache carnot"
460,,,8,45.740488,4.819729,"101 Cours Charlemagne",,,2005,"Confluence Hôtel de région","confluence hotel de region"
461,,,8,45.745586,4.823529,"Place de l'Hippodrome, Angle Cours Charlemagne",,,2006,"Place de l'Hippodrome","place de l hippodrome"
462,,,8,45.742619,4.820481,"100 Cours Charlemagne, Angle Rue Casimir Périer",,,2007,"Patinoire Charlemagne","patinoire charlemagne"
463,,,8,45.756771,4.833838,"Place Antonin Poncet, Devant La Librairie Privat",,,2008,"Bellecour / Antonin Poncet","bellecour antonin poncet"
464,,,8,45.739846,4.815362,"40 quai Rambaud",,,2009,"Confluence Les docks","confluence les docks"
465,,,8,45.756813,4.828371,"25 Rue du Plat, Face Faculté Catholique",,,2011,"Sala / Rue du Plat","sala rue du plat"
466,,,8,45.753459,4.83335,"4 Place Gailleton,  ",,,2012,Gailleton,gailleton
467,,,8,45.759958,4.831987,"Place des Célestins, Côté Nord De La Place, Vers L'Ascenseur",,,2013,"Célestins",celestins
468,,,8,45.76075,4.834284,"6 Rue Jean de Tournes,  ",,,2014,Jacobins,jacobins
469,,,8,45.760916,4.836169,"Rue du Président Carnot, Côté Est De La Place De La République",,,2015,"Place de la République","place de la republique"
470,,,8,45.763081,4.834283,"Place Regaud, Angle Rue Tupin / Rue Herriot",,,2016,"Place Regaud","place regaud"
471,,,8,45.762194,4.835956,"Rue de la Ferrandière, Rue De La République",,,2017,"République / Ferrandière","republique ferrandiere"
472,,,8,45.75117,4.826851,"Place Carnot, Angle Rue Général Plessier",,,2022,"Carnot / Henri IV","carnot henri iv"
473,,,8,45.754681,4.829889,"Rue Sainte Hélène, Entre Rue Victor Hugi Et Rue D'Auvergne",,,2023,"Hugo / Ste Hélène","hugo ste helene"
474,,,8,45.758744,4.834073,"Rue Maupin, Entre Herriot Et République",,,2024,"République / Archers","republique archers"
475,,,8,45.76206,4.833202,"Rue Ferrandière, Angle Rue De Brest",,,2025,"Brest / Ferrandière","brest ferrandiere"
476,,,8,45.759385,4.835396,"Rue du Professeur Paufique, Angle Rue De La République",,,2026,"République / Paufique","republique paufique"
477,,,8,45.744427,4.822138,"Cours Charlemagne, Face Station Tram Ste Blandine",,,2028,"Sainte Blandine","sainte blandine"
478,,,8,45.764077,4.835522,"20 Rue de la Poulaillerie, Angle Poulaillerie / République",,,2030,"République / Palais de la Bourse","republique palais de la bourse"
479,,,8,45.759884,4.835754,"Rue Marcel Gabriel Rivière,  ",,,2035,"République / Childebert","republique childebert"
480,,,8,45.759474,4.830141,"Place Gorjus,  ",,,2036,"Place A.Gourju","place a gourju"
481,,,8,45.74791,4.824907,"18 Rue Dugas montbel,  ",,,2037,"Place des Archives","place des archives"
482,,,8,45.753098,4.829589,"16 Rue des Remparts d'Ainay, Angle Victor Hugo",,,2038,"Hugo / Ainay","hugo ainay"
483,,,8,45.749225,4.829861,"86 Rue de la Charité,  ",,,2039,"Charité / Récamier","charite recamier"
484,,,8,45.763578,4.831898,"10 Quai Saint Antoine,  ",,,2040,"Quai Saint Antoine","quai saint antoine"
485,,,8,45.754478,4.833008,"Rue Sala,  ",,,2041,"Sala/Charité","sala charite"
486,,,8,45.751799,4.824684,"43 Rue Vaubecour,  ",,,2042,"Joffre/Condé","joffre conde"
487,,,6,45.76651,4.802724,"1 Rue Professeur Guerin, Lyon 9eme",,,21202,"GORGE DE LOUP","gorge de loup"
488,,,6,45.781674,4.805597,"2 Rue Du 24 Mars 1852, Lyon 9eme",,,21203,"GARE DE VAISE","gare de vaise"
489,,,6,45.786432,4.83137,"3 Rue De La Gare De Cuire, Caluire-Et-Cuire",,,21204,CUIRE,cuire
490,,,6,45.72773,4.8328,"301 Avenue Jean Jaures, Lyon 7eme",,,21205,"STADE DE GERLAND","stade de gerland"
491,,,6,45.720555,4.886198,"1 Place Jules Grandclement, Venissieux",,,21206,PARILLY,parilly
492,,,6,45.718733,4.926059,"1 Boulevard Andre Boulloche, Saint-Priest",,,21207,"PORTE DES ALPES","porte des alpes"
493,,,6,45.765474,4.909258,"401 Cours Emile Zola, Villeurbanne",,,21208,"LAURENT BONNEVAY","laurent bonnevay"
494,,,6,45.705675,4.88866,"1 Rue Des Combats Du 24 Aout 1944, Venissieux",,,21209,"GARE DE VÉNISSIEUX","gare de venissieux"
495,,,6,45.729866,4.887458,"229 Boulevard Pinel, Bron",,,21210,"MERMOZ PINEL","mermoz pinel"
496,,,6,45.786525,4.881495,"1 Boulevard Niels Bohr, Villeurbanne",,,21211,IUT-FEYSSINE,"iut feyssine"
497,,,6,45.693004,4.956866,"1 Rue De La Cordiere, Saint-Priest",,,21278,"ST PRIEST","st priest"
498,,,6,45.760449,4.922247,"6 Rue Du Rail, Vaulx-En-Velin",,,21549,"VAULX-EN-VELIN LA SOIE","vaulx en velin la soie"
499,,,6,45.774919,4.976986,"23 Rue Francisco Ferrer, Decines-Charpieu",,,21550,"DÉCINES GRAND LARGE","decines grand large"
500,,,6,45.772213,4.956417,"27 Rue Emile Bertrand, Decines-Charpieu",,,21551,"DÉCINES CENTRE","decines centre"
501,,,6,45.756095,4.892563,"1 Impasse De La Gare, Villeurbanne",,,21552,"GARE DE VILLEURBANNE","gare de villeurbanne"
502,,,6,45.768335,5.031562,"16 Avenue Docteur Schweitzer, Meyzieu",,,21554,"MEYZIEU Z.I","meyzieu z i"
503,,,6,45.6886,4.864565,"1 Avenue Du 11 Novembre 1918, Venissieux",,,21574,"HÔPITAL FEYZIN VÉNISSIEUX","hopital feyzin venissieux"
504,,,6,45.771715,4.997429,"43 Rue Vellin Dombes, Meyzieu",,,21614,"MEYZIEU GARE","meyzieu gare"
505,,,6,45.786638,4.78732,"33 Avenue De La Sauvegarde, Lyon 9eme",,,21764,SAUVEGARDE,sauvegarde
506,,,6,45.81956,4.910792,"2246 Avenue De L Europe, Rillieux-La-Pape",,,21769,"RILLIEUX SEMAILLES","rillieux semailles"
507,,,6,45.703732,4.797125,"3 Avenue Georges Clemenceau, Saint-Genis-Laval",,,21774,"ST-GENIS GADAGNE","st genis gadagne"
508,,,7,45.759957,4.826308,"1 Rue Saint Georges, Lyon 5eme",,,21829,"VIEUX LYON","vieux lyon"
509,,,7,45.780916,4.804761,"0 Rue Du 24 Mars 1852, Lyon 9eme",,,21849,"GARE DE VAISE","gare de vaise"
510,,,7,45.760485,4.861808,"30 Rue De La Villette, Lyon 3eme",,,21850,"PART DIEU Villette","part dieu villette"
511,,,7,45.706193,4.88805,"1 Rue Des Combats Du 24 Aout 1944, Venissieux",,,21852,"GARE DE VENISSIEUX","gare de venissieux"
512,,,7,45.761592,4.857651,"11 Boulevard Marius Vivier Merle, Lyon 3eme",,,21853,"PART DIEU vivier merle","part dieu vivier merle"
513,,,8,45.760285,4.858587,"Place Béraudier, Derrière La Station Tram",,,3001,"Gare Part-Dieu / Vivier Merle 1","gare part dieu vivier merle 1"
514,,,8,45.760186,4.858728,"Place Béraudier,  ",,,3002,"Gare Part Dieu ouest","gare part dieu ouest"
515,,,8,45.763024,4.85498,"Boulevard Eugène DeRuelle, Face Rue Masséna, Entrée Centre Commercia",,,3003,"Part Dieu / Deruelle","part dieu deruelle"
516,,,8,45.759659,4.848062,"Rue de la Part-Dieu, Face Place Voltaire",,,3004,"Place Guichard","place guichard"
517,,,8,45.75379,4.848039,"Place Victor Basch,  ",,,3005,"Place Victor Basch","place victor basch"
518,,,8,45.743446,4.8789,"Place d'Arsonval, A Côté Du Stand De Fleurs",,,3007,"Place d'Arsonval","place d arsonval"
519,,,8,45.745814,4.870684,"Cours Albert Thomas,  ",,,3008,"Institut Lumière","institut lumiere"
520,,,8,45.750258,4.857922,"133, 137 Cours Gambetta,  ",,,3009,"Musée Africain","musee africain"
521,,,8,45.759452,4.85592,"Rue des Cuirassiers, Angle Rue Bouchut",,,3010,"Part Dieu / Cuirassier","part dieu cuirassier"
522,,,8,45.749547,4.887267,"Place du ChÔteau, A Côté De L'Eglise",,,3012,"Place du ChÔteau","place du choteau"
523,,,8,45.753632,4.889021,"Place Antoinette, Angle Rue Antoinette Et Cours Richard",,,3013,"Place Ronde","place ronde"
524,,,8,45.760781,4.852507,"Servient, Angle Rue Garibaldi",,,3015,"Servient / Garibaldi","servient garibaldi"
525,,,8,45.759347,4.842224,"Cours de la Liberté, Angle Rue De La Part-Dieu",,,3016,"Liberté / Rue Part Dieu","liberte rue part dieu"
526,,,8,45.756704,4.848402,"Rue de Créqui, Angle Place Voltaire",,,3018,"Voltaire / Créqui","voltaire crequi"
527,,,8,45.759651,4.869757,"Place de la Ferrandière, Intersection Ferrandière/Jasseron",,,3021,"Place de la Ferrandière","place de la ferrandiere"
528,,,8,45.741428,4.885374,"Avenue Rockefeller, Intersection Rockfeller/Esquirol",,,3024,"Rockfeller / Esquirol","rockfeller esquirol"
529,,,8,45.753009,4.850244,"Rue Duguesclin, Angle Gambetta",,,3029,"Place Aristide Briand","place aristide briand"
530,,,8,45.759935,4.844512,"Rue Corneille, Angle Corneille / Servient",,,3031,"Servient / Corneille","servient corneille"
531,,,8,45.763462,4.847121,"Rue de Créqui, Angle Cours Lafayette",,,3032,"Lafayette / Créqui","lafayette crequi"
532,,,8,45.757128,4.853468,"Rue Paul Bert, Face Place Des Martyrs De La Résistance",,,3037,"Place des Martyrs de la Résistance","place des martyrs de la resistance"
533,,,8,45.757231,4.858929,"65 Boulevard Vivier-Merle, Angle Rue Paul Bert",,,3038,"Part Dieu / CAFAL","part dieu cafal"
534,,,8,45.752597,4.855707,"Place Bir Hakeim, Au Niveau Rue Duvivier",,,3039,"Place Bir Hakeim","place bir hakeim"
535,,,8,45.754013,4.867227,"Place Rouget de l'Isle, Avenue Lacassagne",,,3043,"Place Rouget de L'Isle","place rouget de l isle"
536,,,8,45.76197,4.84105,"Quai Augagneur, Entre Rue De Bonnel Et Rue Rabelais",,,3044,"Augagneur / Bonnel","augagneur bonnel"
537,,,8,45.748171,4.88056,"Place Henri, Rue Du Docteur Long",,,3051,"Place Henri","place henri"
538,,,8,45.751136,4.855579,"Avenue Jules Jusserand, Angle Cours Gambetta",,,3053,"Gambetta / Jusserand","gambetta jusserand"
539,,,8,45.75882,4.853877,"Place du Lac, Face À La Poste",,,3058,"Place du Lac","place du lac"
540,,,8,45.754268,4.863462,"139 Avenue Faure,  ",,,3066,"Kimmerling / Faure","kimmerling faure"
541,,,8,45.752896,4.863957,"Rue Jean Renoir,  ",,,3067,Renoir,renoir
542,,,8,45.740436,4.888205,"60 Avenue Rockefeller,  ",,,3071,BioParc,bioparc
543,,,8,45.75121,4.884817,"4 Place Louise,  ",,,3079,"Place Louise","place louise"
544,,,8,45.760124,4.861752,"Rue de la Villette,  ",,,3080,"Gare Part Dieu Est","gare part dieu est"
545,,,8,45.757591,4.845109,"164 Rue Corneille,  ",,,3082,"Place Bahadourian","place bahadourian"
546,,,8,45.761523,4.850483,"183 Rue André Philip,  ",,,3083,"Les Halles","les halles"
547,,,8,45.757266,4.855197,"128 Rue Paul Bert,  ",,,3084,Desaix,desaix
548,,,8,45.757834,4.868392,"Rue Charial,  ",,,3085,"Sacré Coeur","sacre coeur"
549,,,8,45.749551,4.876019,"115 Avenue Lacassagne,  ",,,3086,Feuillat/Lacassagne,"feuillat lacassagne"
550,,,8,45.762805,4.852296,"4 Bd Eugène Deruelle,  ",,,3087,"Part-Dieu / Deruelle / Garibaldi","part dieu deruelle garibaldi"
551,,,8,45.75883,4.846534,"51 Rue Moncey,  ",,,3088,"Guichard / Mazenod","guichard mazenod"
552,,,8,45.745319,4.888961,"221 Avenue Lacassagne,  ",,,3089,"Trarieux / Lacassagne","trarieux lacassagne"
553,,,8,45.741925,4.893496,"95 Bd Pinel,  ",,,3090,Vinatier,vinatier
554,,,8,45.748188,4.896954,"59 boulevard Pinel,  ",,,3091,"Hôpital Neurologique","hopital neurologique"
555,,,8,45.757784,4.861691,"74 Rue de la Villette,  ",,,3094,"Villette/Paul Bert","villette paul bert"
556,,,8,45.757156,4.840406,"28 Quai Augagneur,  ",,,3097,Augagneur,augagneur
557,,,8,45.756959,4.865438,"2 Place Saint Anne,  ",,,3099,"Place Sainte Anne","place sainte anne"
558,,,8,45.752821,4.868796,"4 Rue Paul Sisley,  ",,,3100,"Sisley/Dauphiné","sisley dauphine"
559,,,8,45.762516,4.868595,"Face 34 Rue Baraban,  ",,,3101,"Patinoire Baraban","patinoire baraban"
560,,,8,45.752567,4.894251,"2 Rue de la Caille,  ",,,3102,"Dr Long / Caille","dr long caille"
561,,,8,45.754838,4.857543,"4 Place Danton,  ",,,3103,"Place Danton","place danton"
562,,,8,45.770433,4.814272,"1 Quai Joseph Gillet,  ",,,4001,"Conservatoire bis","conservatoire bis"
563,,,8,45.774205,4.827762,"Boulevard de la Croix Rousse, Devant La Mairie Du 4Ème",,,4002,"Mairie du 4e","mairie du 4e"
564,,,8,45.779718,4.834784,"Place Cdt Arnaud, Angle Rue Belfort",,,4003,"Place Cdt Arnaud","place cdt arnaud"
565,,,8,45.77969,4.827627,"Boulevard des Canuts, Angle Rue Hénon",,,4004,"Hénon / Canuts","henon canuts"
566,,,8,45.777648,4.834691,"Rue du Chariot d'Or, Place Bertone",,,4005,"Place Bertone","place bertone"
567,,,8,45.773298,4.821309,"Rue Philippe de Lasalle Face à l'IUFM, Angle Rue Anselme",,,4006,IUFM,iufm
568,,,8,45.779295,4.820241,"Place Flammarion, Côté Rue Philippe De Lassalle",,,4007,"Place Flammarion","place flammarion"
569,,,8,45.775928,4.825418,"Rue Denfert-Rochereau, Angle Rue Jacquart",,,4009,"Jacquart / Denfer-Rochereau","jacquart denfer rochereau"
570,,,8,45.781497,4.832836,"Place Jean Ambre, Angle Grande Rue De La Croix Rousse",,,4011,"Place J. Ambre","place j ambre"
571,,,8,45.779175,4.840946,"Place Adrien Godien, Angle Montée De La Boucle",,,4012,"Place Adrien Godien","place adrien godien"
572,,,8,45.777414,4.820488,"Rue Philippe de Lassalle, Angle Rue Pillement",,,4014,"Lasalle / Dangon","lasalle dangon"
573,,,8,45.776097,4.829471,"Boulevard des Canuts, Angle Boulevard De La Croix-Rousse",,,4017,"Place des tapis","place des tapis"
574,,,8,45.774051,4.825189,"Rue Tabareau, Angle Boulevard De La Croix-Rousse",,,4021,Tabareau,tabareau
575,,,8,45.776068,4.832498,"Place de la Croix-Rousse, A Proximité De La Grande Rue",,,4022,"Place de la Croix-Rousse","place de la croix rousse"
576,,,8,45.778228,4.810643,"Quai Joseph Gillet,  ",,,4023,"Masaryk / Gillet","masaryk gillet"
577,,,8,45.775385,4.817867,"Rue Chazière,  ",,,4025,"Parc Cerisaie","parc cerisaie"
578,,,8,45.775507,4.835059,"17 Rue d'Austerlitz,  ",,,4041,Boussange/Austerlitz,"boussange austerlitz"
579,,,8,45.781794,4.820602,"79 Rue Philippe De Lasalle,  ",,,4042,"Stade Grégory Coupet","stade gregory coupet"
580,,,8,45.7572,4.815301,"Rue de Trion,  ",,,5001,"Saint Just / Varillon","saint just varillon"
581,,,8,45.75648,4.796686,"Place des Compagnons de la chanson, Angle Des Aqueducs",,,5002,"Saint Just / Compagnon de la chanson","saint just compagnon de la chanson"
582,,,8,45.760488,4.826562,"Rue Saint-Jean, Entre Entrée De La Cathédrale Et Le Métro",,,5004,"Saint Jean / Cathédrale","saint jean cathedrale"
583,,,8,45.766262,4.827359,"Place Saint-Paul,  ",,,5005,"Gare Saint Paul","gare saint paul"
584,,,8,45.762068,4.828834,"Quai Romain Rolland, Face Au Palais De Justice",,,5006,"Saint Jean / Palais de Justice","saint jean palais de justice"
585,,,8,45.757931,4.813182,"Place de Trion, Angle Rue De Trion Et Place De Trion",,,5007,"Place de Trion","place de trion"
586,,,8,45.755441,4.812724,"Place Sainte Irénée,  ",,,5008,"Place Sainte Irénée","place sainte irenee"
587,,,8,45.76469,4.828941,"Quai Romain Rolland / angle Quai de Bondy, Place Fousseret",,,5009,"Place Fousseret","place fousseret"
588,,,8,45.752006,4.821658,"40 Quai fulchiron,  ",,,5015,"Fulchiron / Choulans","fulchiron choulans"
589,,,8,45.75757,4.800959,"Rue Docteur Locard Face 15, Devant La Mairie Du 5Ème",,,5016,"Mairie du 5e","mairie du 5e"
590,,,8,45.763469,4.828961,"Rue de la Baleine, Angle Quai Romain Rolland",,,5026,"Saint Jean / Rue de la Baleine","saint jean rue de la baleine"
591,,,8,45.767049,4.826981,"Place Gerson, A Proximité Du Quai Pierre Size",,,5029,"Saint Paul / Place Gerson","saint paul place gerson"
592,,,8,45.754803,4.807369,"Rue Cdt Charcot, Angle Fort St Irénée/Rue Cdt Charcot",,,5030,"Charcot / Résidence universitaire","charcot residence universitaire"
593,,,8,45.754665,4.788241,"Rue Joliot Curie,  ",,,5031,"Ménival/Curie","menival curie"
594,,,8,45.749997,4.784099,"Place César Geoffray,  ",,,5033,"Place César Geoffray","place cesar geoffray"
595,,,8,45.749691,4.795607,"Rue Commandant Charcot,  ",,,5036,"La Salette","la salette"
596,,,8,45.757879,4.82622,"127 Quai Fulchiron,  ",,,5040,"Place Crépu","place crepu"
597,,,8,45.766558,4.820006,"55 Quai pierre Scize,  ",,,5041,"L'Homme de la Roche","l homme de la roche"
598,,,8,45.759802,4.796623,"Rue Edmond Locard,  ",,,5044,Champvert,champvert
599,,,8,45.750486,4.788771,"Rue Jeunet,  ",,,5045,Valdo/Jeunet,"valdo jeunet"
600,,,8,45.753447,4.804455,"Rue Dr Albéric Pont,  ",,,5047,"Charcot / Albéric Po","charcot alberic po"
601,,,8,45.753315,4.79285,"Rue Mère Elisabeth Rivet,  ",,,5049,"Lycée E.Branly","lycee e branly"
602,,,8,45.758367,4.821083,"6 Rue de l'AntiQuaille,  ",,,5050,"ThéÔtres Romains","theotres romains"
603,,,8,45.756087,4.819311,"16 Rue des Fargues,  ",,,5053,"St Just","st just"
604,,,8,45.763902,4.792711,"192 Avenue Barthélémy Buyer,  ",,,5054,Champvert,champvert
605,,,8,45.761803,4.803058,"111 Av. Barthélémy Buyer,  ",,,5055,Apollinaire/Buyer,"apollinaire buyer"
606,,,3,45.742998,4.878678,"1 Place D Arsonval, Lyon 3eme",,,516,"Agence Grange Blanche","agence grange blanche"
607,,,3,45.757893,4.833186,"11 Place Bellecour, Lyon 2eme",,,550,"Agence Bellecour","agence bellecour"
608,,,3,45.766252,4.805197,"1 Rue Sergent Michel Berthet, Lyon 9eme",,,551,"Agence Gorge de Loup","agence gorge de loup"
609,,,3,45.766598,4.836193,"5 Rue De La Republique, Lyon 2eme",,,553,"Agence Hotel de Ville","agence hotel de ville"
610,,,3,45.749716,4.826731,"1 Cours Charlemagne, Lyon 2eme",,,555,"Agence Perrache","agence perrache"
611,,,3,45.762047,4.858175,"11 Boulevard Marius Vivier Merle, Lyon 3eme",,,556,"Agence Part Dieu","agence part dieu"
612,,,8,45.76686,4.85897,"Place Jules Ferry,  ",,,6001,"Gare des Brotteaux","gare des brotteaux"
613,,,8,45.777384,4.844878,"Place Leclerc, Le Long Des Grilles Côté Ouest De La Port",,,6002,"Parc Tête d'Or / Enfants du Rhône","parc tete d or enfants du rhone"
614,,,8,45.772916,4.856323,"Avenue de Verguin, Devant L'Entrée Du Parc",,,6003,"Parc Tête d'Or / Lycée du Parc","parc tete d or lycee du parc"
615,,,8,45.768856,4.844761,"Cours Franklin Roosevelt, Angle Rue Vendôme",,,6004,"Foch / Roosevelt","foch roosevelt"
616,,,8,45.76577,4.844728,"Place Edgar Quinet, Devant Le Lycée",,,6005,"Place Edgar Quinet","place edgar quinet"
617,,,8,45.773324,4.851827,"Boulevard des Belges, Face Rue Duquenne",,,6006,"Boulevard des Belges","boulevard des belges"
618,,,8,45.76962,4.852406,"Rue Tête d'Or, Angle Cours Vitton",,,6007,"Masséna / Roosevelt","massena roosevelt"
619,,,8,45.768417,4.859067,"17 Place Jules Ferry,  ",,,6008,Brotteaux,brotteaux
620,,,8,45.768404,4.849496,"58 Rue de Sèze, Angle Rue Boileau",,,6011,"Mairie du 6e","mairie du 6e"
621,,,8,45.771776,4.844579,"Place Puvis de Chavannes, Angle Rue Vendôme",,,6012,"place Puvis de Chavannes","place puvis de chavannes"
622,,,8,45.765992,4.862089,"Rue de la Viabert, Angle Avenue Thiers",,,6016,"Viabert / Avenue Thiers","viabert avenue thiers"
623,,,8,45.774531,4.848379,"Boulevard des Belges, Angle Rue Morellet",,,6020,"Bd des Belges / Museum","bd des belges museum"
624,,,8,45.770861,4.849968,"Rue Garibaldi, Angle Rue Grillon",,,6021,"Sully / Garibaldi","sully garibaldi"
625,,,8,45.768834,4.842535,"Place Maréchal Lyautey, Face Cours Roosevelt",,,6022,"Liautey / Godefroy","liautey godefroy"
626,,,8,45.766834,4.841136,"Place Liautey, Angle Rue De Sèze",,,6023,"Liautey / Sarrail","liautey sarrail"
627,,,8,45.770737,4.856776,"Rue Tronchet, Angle Rue Anatole France",,,6024,"Tronchet / Anatole France","tronchet anatole france"
628,,,8,45.764352,4.853428,"Rue Récamier, Angle Rue Tête D'Or",,,6028,"Récamier / Tête d'Or","recamier tete d or"
629,,,8,45.763754,4.843739,"Rue Corneille, Angle Rue Lafayette",,,6031,"Lafayette /Corneille","lafayette corneille"
630,,,8,45.764794,4.841613,"Quai Général Sarrail Face 4, Angle Rue Vauban",,,6032,"Sarrail / Vauban","sarrail vauban"
631,,,8,45.785426,4.854121,"Quai Charles de Gaulle, Face Parvis Palais Des Congrés",,,6035,"Cité Int. / Palais des Congrès","cite int palais des congres"
632,,,8,45.783935,4.852451,"Proximité Musée d'art contemporain,  ",,,6036,"Cité Int. / Musée d'art contemporain","cite int musee d art contemporain"
633,,,8,45.782311,4.84934,"Allée A. Lignon, Au Niveau De L'Arrêt De Bus Interpol",,,6037,"Cité Int. / Interpol","cite int interpol"
634,,,8,45.76416,4.849868,"149 Rue Boileau,  ",,,6040,"Place de l'Europe","place de l europe"
635,,,8,45.784616,4.859636,"Allée Achille Lignon,  ",,,6041,"Cité Internationale - Tête d'Or nord","cite internationale tete d or nord"
636,,,8,45.78486,4.855612,"Allée Achille Lignon,  ",,,6042,"Cité Internationale - Résidence","cite internationale residence"
637,,,8,45.784741,4.852212,"80 Quai Charles de Gaulle,  ",,,6043,"Cité Internationale - Cinéma","cite internationale cinema"
638,,,8,45.766375,4.865081,"26 Rue de la Viabert,  ",,,6044,"Charmettes - Bellecombe","charmettes bellecombe"
639,,,8,45.766301,4.85683,"44 Bd des Brotteaux,  ",,,6045,"Place Juliette Récamier","place juliette recamier"
640,,,8,45.754871,4.843735,"Place Gabriel Péri, En Face Du Mur Peint, Devant La Poste",,,7001,"Place Gabriel Péri","place gabriel peri"
641,,,8,45.751336,4.83635,"Quai Claude Bernard, Entre Pont De L'Université Et Rue Chevreu",,,7002,"Universités Claude Bernard","universites claude bernard"
642,,,8,45.751807,4.852531,"Cours Gambetta, Prolongement Rue Rachais",,,7003,"Gambetta / Garibaldi","gambetta garibaldi"
643,,,8,45.746226,4.841976,"Place Jean Macé, Face À La Mairie",,,7004,"Place Jean Macé","place jean mace"
644,,,8,45.731483,4.833279,"Avenue Debourg, Angle Cours Jean Jaurès",,,7005,"Debourg / Jean Jaurès","debourg jean jaures"
645,,,8,45.727184,4.83104,"Avenue Jean Jaurès, Au Niveau Du Square Galtier",,,7006,"Gerland / Square Galtier","gerland square galtier"
646,,,8,45.735678,4.827715,"117 boulevard Yves Farge,  ",,,7007,Ayasse/Farge,"ayasse farge"
647,,,8,45.752578,4.84636,"Avenue Jean Jaurès, Angle Rue De La Guillotière",,,7008,"Jean Jaurès / Guillotière","jean jaures guillotiere"
648,,,8,45.737799,4.837582,"Avenue Jean Jaurès, Angle Rue Fourcade",,,7009,"Jean Jaurès / Métro","jean jaures metro"
649,,,8,45.747362,4.836046,"Rue Pasteur, Angle Avenue Berthelot",,,7010,"Berthelot / Pasteur","berthelot pasteur"
650,,,8,45.743724,4.847272,"Rue Garibaldi, Angle Avenue Berthelot",,,7011,"Berthelot / Garibaldi","berthelot garibaldi"
651,,,8,45.729505,4.829686,"Place des Pavillons, Devant La Bibliothèque",,,7012,"Place des Pavillons","place des pavillons"
652,,,8,45.731254,4.823929,"Avenue Tony Garnier,  ",,,7013,"Halle Tony Garnier","halle tony garnier"
653,,,8,45.753014,4.841374,"Rue Félissent, Angle Rue De Marseille",,,7014,"Marseille / Saint André","marseille saint andre"
654,,,8,45.748804,4.847571,"Rue de la Madeleine, Angle Rue Béguin",,,7016,"Place Saint Louis","place saint louis"
655,,,8,45.740264,4.832106,"Rue Rivet,  ",,,7018,"Lycée Labbé","lycee labbe"
656,,,8,45.724098,4.827126,"Allée Pierre de Coubertin, Derrière Le Palais Des Sports Entrée Du P",,,7020,"Parc de Gerland","parc de gerland"
657,,,8,45.729809,4.838135,"Rue de Gerland, Angle Rue Challemel Lacour",,,7021,"Rue de Gerland / Challemel Lacour","rue de gerland challemel lacour"
658,,,8,45.744,4.841274,"105 Av. Jean Jaurès,  ",,,7022,"Jaurès/Lagrange","jaures lagrange"
659,,,8,45.742623,4.85051,"Route de Vienne, Angle Avenue Berthelot",,,7023,"Berthelot / Route de Vienne","berthelot route de vienne"
660,,,8,45.748501,4.840561,"Rue Bancel,  ",,,7024,"Chevreul / Gryphe","chevreul gryphe"
661,,,8,45.743226,4.834248,"31 boulevard Yves Farge,  ",,,7030,QGF,qgf
662,,,8,45.739892,4.840367,"45 Rue Gerland,  ",,,7031,"Jaurès/Gerland","jaures gerland"
663,,,8,45.749777,4.835123,"Quai Claude Bernard, Sur Le Quai Haut (St Luc St Joseph)",,,7033,"Hôpital St Luc - St Joseph","hopital st luc st joseph"
664,,,8,45.753714,4.838317,"Quai Claude Bernard, Devant L'Entrée De La Piscine",,,7034,"Piscine du Rhône","piscine du rhone"
665,,,8,45.750938,4.839362,"8 Rue de l'Université, Angle Rue De Marseille",,,7035,"Marseille / Université","marseille universite"
666,,,8,45.749563,4.852985,"Place Stalingrad, Rue De La Guillotière",,,7038,"Place de Stalingard","place de stalingard"
667,,,8,45.751041,4.848037,"Grande Rue de la Guillotière, Angle Rue De La Madeleine",,,7039,"Guillotière / Madeleine","guillotiere madeleine"
668,,,8,45.74669,4.844479,"Rue Domer, Angle Rue Chevreuil",,,7041,"MJC du 7e","mjc du 7e"
669,,,8,45.737757,4.824484,"40 Avenue Leclerc,  ",,,7045,"Parc des Berges","parc des berges"
670,,,8,45.730085,4.82779,"19 Rue de Saint-Cloud, Côté Place De L'École",,,7046,"Place de l'Ecole","place de l ecole"
671,,,8,45.728327,4.82365,"Avenue Tony Garnier,  ",,,7049,"Cité Scolaire Internationale","cite scolaire internationale"
672,,,8,45.726728,4.826116,"Avenue Tony Garnier,  ",,,7052,"Université Lyon 1 Gerland","universite lyon 1 gerland"
673,,,8,45.750268,4.845189,"27 Rue de la Thibaudière,  ",,,7053,"Jaurès/Thibaudière","jaures thibaudiere"
674,,,8,45.746764,4.842009,"30 Rue Renan,  ",,,7055,"Servant / Jaboulay","servant jaboulay"
675,,,8,45.755761,4.840692,"3 Rue Cavenne,  ",,,7056,"Place Raspail","place raspail"
676,,,8,45.734686,4.835454,"219 Avenue Jean Jaurès,  ",,,7057,"Jaurès / Bollier","jaures bollier"
677,,,8,45.748547,4.843234,"53 Rue de l'Université,  ",,,7061,"Jaurès / Université","jaures universite"
678,,,8,45.747732,4.851594,"Rue Garibaldi,  ",,,7062,"Garibaldi / Domer","garibaldi domer"
679,,,8,45.745404,4.847855,"Rue Chevreul,  ",,,7064,CROUS,crous
680,,,8,45.748341,4.861491,"5 au 7 Rue du Professeur Rollet, Devant Entrée Principale Université Lyon",,,8001,"Université Lyon III","universite lyon iii"
681,,,8,45.745339,4.871586,"Place Ambroise Courtois, Face Au Cours A. Thomas",,,8002,"Place Ambroise Courtois","place ambroise courtois"
682,,,8,45.738555,4.88658,"Rue Guillaume Paradin, Devant Entrée De La Fac",,,8003,"Laënnec",laennec
683,,,8,45.735211,4.872693,"Avenue Mermoz, Devant La Mairie Du 8Ème",,,8004,"Mairie 8e","mairie 8e"
684,,,8,45.729657,4.86775,"Rue Professeur Beauvisage, Angle Avenue Des Etats-Unis",,,8006,"Place 8 mai 1945","place 8 mai 1945"
685,,,8,45.744984,4.866432,"Rue des Frères Lumière, Angle Rue Villon",,,8007,"Rue des Frères Lumière","rue des freres lumiere"
686,,,8,45.727893,4.863514,"Rue professeur beauvisage,  ",,,8008,"Beauvisage / Préssensé / Viviani","beauvisage pressense viviani"
687,,,8,45.736579,4.869913,"Place du 11 novembre 1918,  ",,,8009,"Place 11 novembre 1918","place 11 novembre 1918"
688,,,8,45.739979,4.85946,"93 av de l'Europe,  ",,,8010,"Place Mendès France","place mendes france"
689,,,8,45.735477,4.853041,"Place Lebret, Côté Route De Vienne",,,8011,"Place Lebret","place lebret"
690,,,8,45.740306,4.874182,"25 Rue Maryse Bastié,  ",,,8015,"Bd Jean XXIII","bd jean xxiii"
691,,,8,45.729938,4.853865,"228 Route de Vienne,  ",,,8020,"Moulin à Vent","moulin a vent"
692,,,8,45.728286,4.877617,"Avenue paul santy,  ",,,8021,"Place Général André","place general andre"
693,,,8,45.733242,4.878629,"Avenue Mermoz, Angle Avenue Michelet",,,8024,"Mermoz / Michelet","mermoz michelet"
694,,,8,45.744465,4.86099,"Rue santos-dumont,  ",,,8025,"Santos Dumont / Louis Jouvet","santos dumont louis jouvet"
695,,,8,45.732222,4.865138,"79 boulevard des Etats-Unis, Angle Lévigne / Etats-Unis",,,8029,"Etats Unis / Lévigne","etats unis levigne"
696,,,8,45.741378,4.879733,"Rue Nungesser et Coli, Angle Avenue Laùnnec",,,8030,"Laennec / Facultés","laennec facultes"
697,,,8,45.738288,4.862756,"Rue Villon Face 98, Angle Rue Berthelot",,,8034,"Berthelot / Villon","berthelot villon"
698,,,8,45.747253,4.865281,"Rue Edouard Rochet,  ",,,8035,"Sans Souci","sans souci"
699,,,8,45.734096,4.863218,"Rue Paul Cazeneuve,  ",,,8037,Cazeneuve,cazeneuve
700,,,8,45.746775,4.86728,"Cours Albert Thomas, Angle Rue Villon",,,8038,"Albert Thomas / Villon","albert thomas villon"
701,,,8,45.738746,4.852283,"Rue Pierre Delore,  ",,,8039,"Pierre Delore","pierre delore"
702,,,8,45.736245,4.883733,"Boulevard Ambroise Paré,  ",,,8040,"Ambroise Paré","ambroise pare"
703,,,8,45.729419,4.8866,"Boulevard Pinel,  ",,,8041,Pinel,pinel
704,,,8,45.731473,4.860261,"Avenue Francis de Pressenssé,  ",,,8042,"Francis de Pressenssé","francis de pressensse"
705,,,8,45.747017,4.859613,"2 Avenue des Frères Lumière,  ",,,8052,Montplaisir,montplaisir
706,,,8,45.743539,4.870079,"6 Rue Antoine Lumière,  ",,,8053,"Lumière/Trouilhet","lumiere trouilhet"
707,,,8,45.740852,4.868203,"34 Rue Antoine Lumière,  ",,,8054,"Martinière Monplaisir","martiniere monplaisir"
708,,,8,45.7358,4.856808,"69 Rue Audibert & Lavirotte,  ",,,8056,"Delore / Audibert & Lavirotte","delore audibert lavirotte"
709,,,8,45.732365,4.853417,"184 Route de Vienne,  ",,,8057,"Vienne  / Montagny","vienne montagny"
710,,,8,45.738654,4.878037,"10 Rue Paul Kruger,  ",,,8058,"Longefer / Kruger","longefer kruger"
711,,,8,45.735351,4.889579,"Rue Paradin,  ",,,8059,Laennec/Pinel,"laennec pinel"
712,,,8,45.731761,4.874241,"9 Rue Pierre Verger,  ",,,8060,"Santy / Beauvisage","santy beauvisage"
713,,,8,45.725338,4.881415,"184 Avenue Paul Santy,  ",,,8061,"Stade Vuillermet","stade vuillermet"
714,,,8,45.774186,4.805625,"Rue du Bourbonnais, Sur Le Côté De La Mairie",,,9002,"Place du Marché","place du marche"
715,,,8,45.775646,4.805314,"Rue Roquette, Angle Rue De Bourgogne",,,9003,"place Valmy","place valmy"
716,,,8,45.779795,4.804706,"Rue du 24 Mars 1852, Face Entrée Gare",,,9004,"gare de Vaise","gare de vaise"
717,,,8,45.777212,4.803345,"Rue Tissot Face 2, Angle Rue De Bourgogne",,,9006,"ThéÔtre Nouvelle Génération","theotre nouvelle generation"
718,,,8,45.797396,4.829081,"3 Quai Paul Sédallian,  ",,,9008,"St Rambert - Ile Barbe","st rambert ile barbe"
719,,,8,45.770946,4.796537,"En Face du 51 Rue Sidoine Appolinaire,  ",,,9010,"Piscine de Vaise","piscine de vaise"
720,,,8,45.769787,4.812673,"Quai Chauveau, Avant Angle Pont Koenig",,,9011,Conservatoire,conservatoire
721,,,8,45.787389,4.81437,"Quai Paul Sédaillon, Angle Rue De La Navigation",,,9013,"Sédaillan / Naviguation","sedaillan naviguation"
722,,,8,45.78344,4.811455,"12 Quai Commerce, Entre La Rue Dupont Et La Rue Bourget => Centre",,,9014,"Saint-Cyr / Mouillard","saint cyr mouillard"
723,,,8,45.773463,4.800349,"41 Rue du Bourbonnais, Angle Rue Horand/Rue Masset",,,9020,"Masset / 3 septembre 1944","masset 3 septembre 1944"
724,,,8,45.778559,4.807037,"Rue Masaryk, Angle Rue Chinard/Rue De Saint Cyr",,,9022,"Masaryk / Saint Cyr","masaryk saint cyr"
725,,,8,45.773104,4.80781,"Place Vanderpol, Angle Rue St Pierre De Vaise",,,9029,"Saint Pierre de Vaise","saint pierre de vaise"
726,,,8,45.773838,4.809501,"Place Port Mouton, Quai Arloing",,,9032,"Place Port Mouton","place port mouton"
727,,,8,45.767361,4.805637,"Devant 49 bis esplanade Lima Cretet,  ",,,9033,"Gorge de Loup","gorge de loup"
728,,,8,45.77101,4.807609,"53 Rue Chapeau Rouge,  ",,,9040,"Place Rhodiaceta","place rhodiaceta"
729,,,8,45.792572,4.820632,"30 Quai Paul Sédaillan,  ",,,9041,"Carret / Sédaillan","carret sedaillan"
730,,,8,45.773666,4.795418,"92 Rue du Bourbonnais,  ",,,9042,"Clinique St Louis","clinique st louis"
731,,,8,45.776096,4.799711,"78 Rue Marietton,  ",,,9043,"Marietton ouest","marietton ouest"
732,,,8,45.770481,4.800897,"86 Rue St Pierre de Vaise,  ",,,9044,"Masset / St Pierre de Vaise","masset st pierre de vaise"
733,,,8,45.770139,4.805155,"6 Rue Gorge de Loup,  ",,,9049,"Gorge de Loup","gorge de loup"
734,,,8,45.783664,4.794433,"228 Avenue du Plateau,  ",,,9050,"Le Château","le chateau"
735,,,8,45.786529,4.797067,"301 Avenue A.Sakharov,  ",,,9051,"Andréi Sakharov","andrei sakharov"
736,,,8,45.78932,4.799157,"332 Bd de Balmont,  ",,,9052,Balmont,balmont
